model_id	sample_id	sample_origin	passage	host_strain_nomenclature	platform_id
TM01087	TM01087F108P0	xenograft	0	NOD.Cg-Prkdcscid Il2rgtm1Wjl/SzJ	RNA_Seq
J000106132	DFAM-22359-V1	xenograft	1	NOD.Cg-Prkdcscid Il2rgtm1Wjl/SzJ	RNA_Seq
J000103366	J000105191	xenograft	1	NOD.Cg-Prkdcscid Il2rgtm1Wjl/SzJ	stRNA_Seq
J000119280	J000119763	xenograft	1	NOD.Cg-Prkdcscid Il2rgtm1Wjl/SzJ	stRNA_Seq
TM01344	TM01344F899P4	xenograft	4	NOD.Cg-Prkdcscid Il2rgtm1Wjl/SzJ	stRNA_Seq
TM01007	PA1333F087P0199P1	xenograft	1	NOD.Cg-Prkdcscid Il2rgtm1Wjl/SzJ	RNA_Seq
TM00204	LG0807F1297P0	xenograft	0	NOD.Cg-Prkdcscid Il2rgtm1Wjl/SzJ	hg10st
TM00089	BR0620F039P0	xenograft	0	NOD.Cg-Prkdcscid Il2rgtm1Wjl/SzJ	RNA_Seq
TM01355	TM01355F932P0	xenograft	0	NOD.Cg-Prkdcscid Il2rgtm1Wjl/SzJ	RNA_Seq
J000095633	J000099196	xenograft	0	NOD.Cg-Prkdcscid Il2rgtm1Wjl/SzJ	RNA_Seq
J000092712	J000095175	xenograft	0	NOD.Cg-Prkdcscid Il2rgtm1Wjl/SzJ	RNA_Seq
TM00335	OV1828F082P0000P1012P2	xenograft	2	NOD.Cg-Prkdcscid Il2rgtm1Wjl/SzJ	stRNA_Seq
TM00070	BN274F004P0	xenograft	0	NOD.Cg-Prkdcscid Il2rgtm1Wjl/SzJ	hu133
J000106574	DFAL-48392-V1	xenograft	1	NOD.Cg-Prkdcscid Il2rgtm1Wjl/SzJ	RNA_Seq
TM00075	BN289F068P0	xenograft	0	NOD.Cg-Prkdcscid Il2rgtm1Wjl/SzJ	hu133
TM01510	TM01510F48P0	xenograft	0	NOD.Cg-Prkdcscid Il2rgtm1Wjl/SzJ	RNA_Seq
J000101866	J000104661	xenograft	1	NOD.Cg-Prkdcscid Il2rgtm1Wjl/SzJ	stRNA_Seq
TM00256	LG1265F160P0	xenograft	0	NOD.Cg-Prkdcscid Il2rgtm1Wjl/SzJ	hu133
J000106569	DFAM-61345-V1	xenograft	1	NOD.Cg-Prkdcscid Il2rgtm1Wjl/SzJ	RNA_Seq
TM00065	BN260F002P0	xenograft	0	NOD.Cg-Prkdcscid Il2rgtm1Wjl/SzJ	stRNA_Seq
TM00832	LG1191aF2114P0	xenograft	0	NOD.Cg-Prkdcscid Il2rgtm1Wjl/SzJ	RNA_Seq
J000106172	J000107635	xenograft	1	NOD.Cg-Prkdcscid Il2rgtm1Wjl/SzJ	stRNA_Seq
TM00107	BR1936F227P0	xenograft	0	NOD.Cg-Prkdcscid Il2rgtm1Wjl/SzJ	hu133
J000094918	J000099072	xenograft	0	NOD.Cg-Prkdcscid Il2rgtm1Wjl/SzJ	RNA_Seq
TM00311	PA0231F1502P0240P1013P2	xenograft	2	NOD.Cg-Prkdcscid Il2rgtm1Wjl/SzJ	stRNA_Seq
J000106572	DFTL-69579-V3-mCLP	xenograft	3	NOD.Cg-Prkdcscid Il2rgtm1Wjl/SzJ	RNA_Seq
J000105934	J000109394	xenograft	0	NOD.Cg-Prkdcscid Il2rgtm1Wjl/SzJ	stRNA_Seq
TM00047	BN0338F1462P0	xenograft	0	NOD.Cg-Prkdcscid Il2rgtm1Wjl/SzJ	hg10st
J000100672	J000102691	xenograft	0	NOD.Cg-Prkdcscid Il2rgtm1Wjl/SzJ	RNA_Seq
TM00057	BN217F007P0	xenograft	0	NOD.Cg-Prkdcscid Il2rgtm1Wjl/SzJ	hg10st
TM00065	BN260F002P0	xenograft	0	NOD.Cg-Prkdcscid Il2rgtm1Wjl/SzJ	hg10st
TM01563	TM01563F273P0	xenograft	0	NOD.Cg-Prkdcscid Il2rgtm1Wjl/SzJ	RNA_Seq
TM01263	TM01263F663P0	xenograft	0	NOD.Cg-Prkdcscid Il2rgtm1Wjl/SzJ	RNA_Seq
TM01404	TM01404F1131P0	xenograft	0	NOD.Cg-Prkdcscid Il2rgtm1Wjl/SzJ	RNA_Seq
J000099207	J000100201	xenograft	0	NOD.Cg-Prkdcscid Il2rgtm1Wjl/SzJ	RNA_Seq
TM00064	BN250F008P0	xenograft	0	NOD.Cg-Prkdcscid Il2rgtm1Wjl/SzJ	hg10st
TM00352	CN1854F123P0	xenograft	0	NOD.Cg-Prkdcscid Il2rgtm1Wjl/SzJ	hu133
TM00090	BR0744F098P0	xenograft	0	NOD.Cg-Prkdcscid Il2rgtm1Wjl/SzJ	stRNA_Seq
TM01517	TM01517F79P0	xenograft	0	NOD.Cg-Prkdcscid Il2rgtm1Wjl/SzJ	RNA_Seq
J000109079	J000110984	xenograft	1	NOD.Cg-Prkdcscid Il2rgtm1Wjl/SzJ	stRNA_Seq
TM00222	LG1102F1846P0	xenograft	0	NOD.Cg-Prkdcscid Il2rgtm1Wjl/SzJ	RNA_Seq
TM01373	TM01373F1015P0344P1	xenograft	1	NOD.Cg-Prkdcscid Il2rgtm1Wjl/SzJ	RNA_Seq
TM00070	BN248F005P0000P1011P2	xenograft	2	NOD.Cg-Prkdcscid Il2rgtm1Wjl/SzJ	stRNA_Seq
TM00136	CN1233F011P0	xenograft	0	NOD.Cg-Prkdcscid Il2rgtm1Wjl/SzJ	hu133
J000093933	J000097395	xenograft	0	NOD.Cg-Prkdcscid Il2rgtm1Wjl/SzJ	RNA_Seq
J000104314	J000105273	xenograft	0	NOD.Cg-Prkdcscid Il2rgtm1Wjl/SzJ	stRNA_Seq
TM01441	TM01441F1237P0	xenograft	0	NOD.Cg-Prkdcscid Il2rgtm1Wjl/SzJ	RNA_Seq
J000107333	J000108387	xenograft	0	NOD.Cg-Prkdcscid Il2rgtm1Wjl/SzJ	stRNA_Seq
TM01264	TM01264F667P0	xenograft	0	NOD.Cg-Prkdcscid Il2rgtm1Wjl/SzJ	RNA_Seq
J000112358	J000114638	xenograft	1	NOD.Cg-Prkdcscid Il2rgtm1Wjl/SzJ	stRNA_Seq
TM00097	BR1077F016P0	xenograft	0	NOD.Cg-Prkdcscid Il2rgtm1Wjl/SzJ	RNA_Seq
TM00134	CN0330F215P0000P1013P2	xenograft	2	NOD.Cg-Prkdcscid Il2rgtm1Wjl/SzJ	stRNA_Seq
J000101892	J000103178	xenograft	1	NOD.Cg-Prkdcscid Il2rgtm1Wjl/SzJ	RNA_Seq
TM00229	LG1189F1952P0	xenograft	0	NOD.Cg-Prkdcscid Il2rgtm1Wjl/SzJ	hu133
TM01634	TM01634F556P0	xenograft	0	NOD.Cg-Prkdcscid Il2rgtm1Wjl/SzJ	RNA_Seq
J000103917	J000106042	xenograft	1	NOD.Cg-Prkdcscid Il2rgtm1Wjl/SzJ	stRNA_Seq
J000100365	J000103115	xenograft	1	NOD.Cg-Prkdcscid Il2rgtm1Wjl/SzJ	RNA_Seq
TM00916	OM1058F141P0	xenograft	0	NOD.Cg-Prkdcscid Il2rgtm1Wjl/SzJ	RNA_Seq
TM00375	CN001573F2130P3	xenograft	3	NOD.Cg-Prkdcscid Il2rgtm1Wjl/SzJ	stRNA_Seq
TM00134	CN0330F214P0	xenograft	0	NOD.Cg-Prkdcscid Il2rgtm1Wjl/SzJ	hg10st
TM01509	TM01509F041P0	xenograft	0	NOD.Cg-Prkdcscid Il2rgtm1Wjl/SzJ	RNA_Seq
J000104314	J000105748	xenograft	1	NOD.Cg-Prkdcscid Il2rgtm1Wjl/SzJ	stRNA_Seq
J000116474	J000117394	xenograft	1	NOD.Cg-Prkdcscid Il2rgtm1Wjl/SzJ	stRNA_Seq
TM00190	LG0542F535P0	xenograft	0	NOD.Cg-Prkdcscid Il2rgtm1Wjl/SzJ	hg10st
TM00097	BR1077F016P0	xenograft	0	NOD.Cg-Prkdcscid Il2rgtm1Wjl/SzJ	hu133
TM01617	TM01617F486P0	xenograft	0	NOD.Cg-Prkdcscid Il2rgtm1Wjl/SzJ	RNA_Seq
J000104720	J000111337	xenograft	1	NOD.Cg-Prkdcscid Il2rgtm1Wjl/SzJ	stRNA_Seq
TM00896	CN1024F074P0	xenograft	0	NOD.Cg-Prkdcscid Il2rgtm1Wjl/SzJ	hu133
J000101173	J000103531	xenograft	0	NOD.Cg-Prkdcscid Il2rgtm1Wjl/SzJ	RNA_Seq
TM00335	OV1828F082P0	xenograft	0	NOD.Cg-Prkdcscid Il2rgtm1Wjl/SzJ	hu133
TM00887	CNC1022F066P0	xenograft	0	NOD.Cg-Prkdcscid Il2rgtm1Wjl/SzJ	hu133
TM00016	BL0293F563P0	xenograft	0	NOD.Cg-Prkdcscid Il2rgtm1Wjl/SzJ	RNA_Seq
J000106560	J000107874	xenograft	7	NOD.Cg-Prkdcscid Il2rgtm1Wjl/SzJ	stRNA_Seq
TM00314	PA0258F006P0	xenograft	0	NOD.Cg-Prkdcscid Il2rgtm1Wjl/SzJ	stRNA_Seq
J000080230	SGJ80246F004P4	xenograft	4	NOD.Cg-Prkdcscid Il2rgtm1Wjl/SzJ	stRNA_Seq
TM00784	LG1208aF003	xenograft	1	NOD.Cg-Prkdcscid Il2rgtm1Wjl/SzJ	RNA_Seq
J000100672	J000102691	xenograft	0	NOD.Cg-Prkdcscid Il2rgtm1Wjl/SzJ	stRNA_Seq
J000099999	J000100809	xenograft	0	NOD.Cg-Prkdcscid Il2rgtm1Wjl/SzJ	RNA_Seq
J000106526	BCM-3963	xenograft	1	NOD.Cg-Prkdcscid Il2rgtm1Wjl/SzJ	RNA_Seq
TM00324	OV2022F394P0	xenograft	0	NOD.Cg-Prkdcscid Il2rgtm1Wjl/SzJ	hu133
TM01427	TM01427F1204P0	xenograft	0	NOD.Cg-Prkdcscid Il2rgtm1Wjl/SzJ	RNA_Seq
TM00199	LG0703F940P0001P1	xenograft	1	NOD.Cg-Prkdcscid Il2rgtm1Wjl/SzJ	hg10st
TM00134	CN0330F216P0	xenograft	0	NOD.Cg-Prkdcscid Il2rgtm1Wjl/SzJ	hg10st
TM00039	SA0151F1887P0000P1014P2	xenograft	2	NOD.Cg-Prkdcscid Il2rgtm1Wjl/SzJ	stRNA_Seq
TM00233	LG1202F380P0000P1013P2	xenograft	2	NOD.Cg-Prkdcscid Il2rgtm1Wjl/SzJ	stRNA_Seq
TM01273	TM01273F707P0	xenograft	0	NOD.Cg-Prkdcscid Il2rgtm1Wjl/SzJ	RNA_Seq
TM00212	LG0978F1565P0	xenograft	0	NOD.Cg-Prkdcscid Il2rgtm1Wjl/SzJ	hg10st
TM01063	AN0011F206P0	xenograft	0	NOD.Cg-Prkdcscid Il2rgtm1Wjl/SzJ	RNA_Seq
TM00345	ST1870F165P0	xenograft	0	NOD.Cg-Prkdcscid Il2rgtm1Wjl/SzJ	hu133
TM01031	LG1502F412P0	xenograft	0	NOD.Cg-Prkdcscid Il2rgtm1Wjl/SzJ	RNA_Seq
TM01325	SA0602F056P0	xenograft	0	NOD.Cg-Prkdcscid Il2rgtm1Wjl/SzJ	RNA_Seq
TM00186	LG0481F231P0000P1000P2140P3	xenograft	3	NOD.Cg-Prkdcscid Il2rgtm1Wjl/SzJ	RNA_Seq
J000101006	J000103457	xenograft	1	NOD.Cg-Prkdcscid Il2rgtm1Wjl/SzJ	RNA_Seq
TM00026	BL0479F1894P0	xenograft	0	NOD.Cg-Prkdcscid Il2rgtm1Wjl/SzJ	RNA_Seq
TM00226	LG1179F2089P0	xenograft	0	NOD.Cg-Prkdcscid Il2rgtm1Wjl/SzJ	hu133
TM01346	TM01346F911P0	xenograft	0	NOD.Cg-Prkdcscid Il2rgtm1Wjl/SzJ	RNA_Seq
TM01448	TM01448FPT	xenograft	1	NOD.Cg-Prkdcscid Il2rgtm1Wjl/SzJ	RNA_Seq
J000077973	J000093626	xenograft	0	NOD.Cg-Prkdcscid Il2rgtm1Wjl/SzJ	RNA_Seq
TM00356	LG0552F574P0000P1027P2	xenograft	2	NOD.Cg-Prkdcscid Il2rgtm1Wjl/SzJ	RNA_Seq
J000100675	J000102706	xenograft	0	NOD.Cg-Prkdcscid Il2rgtm1Wjl/SzJ	RNA_Seq
J000106569	DFAM-61345-V1	xenograft	1	NOD.Cg-Prkdcscid Il2rgtm1Wjl/SzJ	stRNA_Seq
TM00222	LG1102F1846P0	xenograft	0	NOD.Cg-Prkdcscid Il2rgtm1Wjl/SzJ	hu133
J000104256	J000105317	xenograft	1	NOD.Cg-Prkdcscid Il2rgtm1Wjl/SzJ	stRNA_Seq
TM01619	TM01619F497P0	xenograft	0	NOD.Cg-Prkdcscid Il2rgtm1Wjl/SzJ	RNA_Seq
TM00977	PA0277F091P0	xenograft	0	NOD.Cg-Prkdcscid Il2rgtm1Wjl/SzJ	RNA_Seq
J000117541	J000119744	xenograft	2	NOD.Cg-Prkdcscid Il2rgtm1Wjl/SzJ	stRNA_Seq
TM00015	BL0269F404P0	xenograft	0	NOD.Cg-Prkdcscid Il2rgtm1Wjl/SzJ	RNA_Seq
TM00206	LG0812PE1330P0	xenograft	0	NOD.Cg-Prkdcscid Il2rgtm1Wjl/SzJ	RNA_Seq
TM00298	PR1996F336P0	xenograft	0	NOD.Cg-Prkdcscid Il2rgtm1Wjl/SzJ	stRNA_Seq
J000106527	BCM-3469	xenograft	1	NOD.Cg-Prkdcscid Il2rgtm1Wjl/SzJ	RNA_Seq
TM00330	OV0452F1592P0	xenograft	0	NOD.Cg-Prkdcscid Il2rgtm1Wjl/SzJ	hu133
TM01565	TM01565F279P0	xenograft	0	NOD.Cg-Prkdcscid Il2rgtm1Wjl/SzJ	RNA_Seq
J000104518	J000105344	xenograft	1	NOD.Cg-Prkdcscid Il2rgtm1Wjl/SzJ	stRNA_Seq
J000106562	DFAB-56509-V0	xenograft	0	NOD.Cg-Prkdcscid Il2rgtm1Wjl/SzJ	RNA_Seq
TM00064	BN250F008P0007P1011P2	xenograft	2	NOD.Cg-Prkdcscid Il2rgtm1Wjl/SzJ	stRNA_Seq
TM01145	TM01145F189P0	xenograft	0	NOD.Cg-Prkdcscid Il2rgtm1Wjl/SzJ	RNA_Seq
TM00311	PA0231F1502P0	xenograft	0	NOD.Cg-Prkdcscid Il2rgtm1Wjl/SzJ	hu133
TM00184	CN0486F016P0	xenograft	0	NOD.Cg-Prkdcscid Il2rgtm1Wjl/SzJ	hu133
J000108157	J000109380	xenograft	0	NOD.Cg-Prkdcscid Il2rgtm1Wjl/SzJ	stRNA_Seq
TM00013	BL0058F037P0000P1011P2	xenograft	2	NOD.Cg-Prkdcscid Il2rgtm1Wjl/SzJ	stRNA_Seq
TM00199	LG0703F948P0	xenograft	0	NOD.Cg-Prkdcscid Il2rgtm1Wjl/SzJ	hg10st
TM01284	TM01284F744P0237P1	xenograft	1	NOD.Cg-Prkdcscid Il2rgtm1Wjl/SzJ	RNA_Seq
TM01446	TM01446F1263P0	xenograft	0	NOD.Cg-Prkdcscid Il2rgtm1Wjl/SzJ	RNA_Seq
TM00164	CN0375F725P0	xenograft	0	NOD.Cg-Prkdcscid Il2rgtm1Wjl/SzJ	hg10st
TM01096	TM01096F029P0000P1000P2019P3	xenograft	3	NOD.Cg-Prkdcscid Il2rgtm1Wjl/SzJ	stRNA_Seq
TM01498	TM01498F11P0	xenograft	0	NOD.Cg-Prkdcscid Il2rgtm1Wjl/SzJ	RNA_Seq
J000099257	J000103716	xenograft	1	NOD.Cg-Prkdcscid Il2rgtm1Wjl/SzJ	RNA_Seq
J000108112	J000113010	xenograft	1	NOD.Cg-Prkdcscid Il2rgtm1Wjl/SzJ	stRNA_Seq
TM00314	PA0258F006P0	xenograft	0	NOD.Cg-Prkdcscid Il2rgtm1Wjl/SzJ	hu133
TM00860	LG1429F264P0	xenograft	0	NOD.Cg-Prkdcscid Il2rgtm1Wjl/SzJ	RNA_Seq
J000104117	SGJ104123F001P3	xenograft	3	NOD.Cg-Prkdcscid Il2rgtm1Wjl/SzJ	stRNA_Seq
J000106571	DFBL-44685-V1	xenograft	1	NOD.Cg-Prkdcscid Il2rgtm1Wjl/SzJ	RNA_Seq
TM00192	LG0567F671P0001P1	xenograft	1	NOD.Cg-Prkdcscid Il2rgtm1Wjl/SzJ	hg10st
TM00090	BR0744F098P0	xenograft	0	NOD.Cg-Prkdcscid Il2rgtm1Wjl/SzJ	RNA_Seq
TM01448	TM01448F1275P0	xenograft	0	NOD.Cg-Prkdcscid Il2rgtm1Wjl/SzJ	RNA_Seq
J000107333	J000110071	xenograft	1	NOD.Cg-Prkdcscid Il2rgtm1Wjl/SzJ	stRNA_Seq
TM00134	CN0330F215P0	xenograft	0	NOD.Cg-Prkdcscid Il2rgtm1Wjl/SzJ	hg10st
J000103917	J000105383	xenograft	0	NOD.Cg-Prkdcscid Il2rgtm1Wjl/SzJ	stRNA_Seq
TM00061	BN243F006P0	xenograft	0	NOD.Cg-Prkdcscid Il2rgtm1Wjl/SzJ	hg10st
TM00375	CN1573F2130P0	xenograft	0	NOD.Cg-Prkdcscid Il2rgtm1Wjl/SzJ	hu133
TM00356	LG0552F574P0	xenograft	0	NOD.Cg-Prkdcscid Il2rgtm1Wjl/SzJ	hg10st
TM01360	TM01360F928P0	xenograft	0	NOD.Cg-Prkdcscid Il2rgtm1Wjl/SzJ	RNA_Seq
J000099318	J000101528	xenograft	0	NOD.Cg-Prkdcscid Il2rgtm1Wjl/SzJ	RNA_Seq
TM00077	BN294F091P0	xenograft	0	NOD.Cg-Prkdcscid Il2rgtm1Wjl/SzJ	hu133
TM01155	TM01155F231P0	xenograft	0	NOD.Cg-Prkdcscid Il2rgtm1Wjl/SzJ	RNA_Seq
J000112414	J000113531	xenograft	1	NOD.Cg-Prkdcscid Il2rgtm1Wjl/SzJ	stRNA_Seq
TM01044	LY2238AF016P0	xenograft	0	NOD.Cg-Prkdcscid Il2rgtm1Wjl/SzJ	RNA_Seq
TM00194	LG0627PE001P0001P1	xenograft	1	NOD.Cg-Prkdcscid Il2rgtm1Wjl/SzJ	hg10st
TM00832	LG1191aF2114P0	xenograft	0	NOD.Cg-Prkdcscid Il2rgtm1Wjl/SzJ	hu133
J000106565	DFAM-16835-V1	xenograft	1	NOD.Cg-Prkdcscid Il2rgtm1Wjl/SzJ	stRNA_Seq
J000102326	SGJ102326F001P4	xenograft	4	NOD.Cg-Prkdcscid Il2rgtm1Wjl/SzJ	stRNA_Seq
TM00927	OV11094F172P0	xenograft	0	NOD.Cg-Prkdcscid Il2rgtm1Wjl/SzJ	RNA_Seq
TM00137	CN1264F031P0	xenograft	0	NOD.Cg-Prkdcscid Il2rgtm1Wjl/SzJ	hu133
TM00113	BR1180FPT	xenograft	1	NOD.Cg-Prkdcscid Il2rgtm1Wjl/SzJ	RNA_Seq
TM00067	BN264F005P0	xenograft	0	NOD.Cg-Prkdcscid Il2rgtm1Wjl/SzJ	hg10st
TM00302	LG1306aF130P0	xenograft	0	NOD.Cg-Prkdcscid Il2rgtm1Wjl/SzJ	hu133
J000111615	J000114146	xenograft	1	NOD.Cg-Prkdcscid Il2rgtm1Wjl/SzJ	stRNA_Seq
TM01173	TM01173F307P0	xenograft	0	NOD.Cg-Prkdcscid Il2rgtm1Wjl/SzJ	RNA_Seq
J000106561	DFAB-39722-V1	xenograft	1	NOD.Cg-Prkdcscid Il2rgtm1Wjl/SzJ	RNA_Seq
TM00039	SA0151F1887P0	xenograft	0	NOD.Cg-Prkdcscid Il2rgtm1Wjl/SzJ	hu133
TM00089	BR0620F039P0	xenograft	0	NOD.Cg-Prkdcscid Il2rgtm1Wjl/SzJ	hg10st
TM00096	BR0851F002P0	xenograft	0	NOD.Cg-Prkdcscid Il2rgtm1Wjl/SzJ	RNA_Seq
TM01225	TM01225F511P0301P1	xenograft	1	NOD.Cg-Prkdcscid Il2rgtm1Wjl/SzJ	RNA_Seq
TM00212	LG0978F1565P0	xenograft	0	NOD.Cg-Prkdcscid Il2rgtm1Wjl/SzJ	RNA_Seq
J000109799	J000114328	xenograft	1	NOD.Cg-Prkdcscid Il2rgtm1Wjl/SzJ	stRNA_Seq
TM00051	BN194F001P0	xenograft	0	NOD.Cg-Prkdcscid Il2rgtm1Wjl/SzJ	hg10st
J000106134	DFAM-61786-V2	xenograft	2	NOD.Cg-Prkdcscid Il2rgtm1Wjl/SzJ	stRNA_Seq
TM00231	LG1197F385P0000P1011P2	xenograft	2	NOD.Cg-Prkdcscid Il2rgtm1Wjl/SzJ	stRNA_Seq
TM00784	LG1208aF025P0	xenograft	0	NOD.Cg-Prkdcscid Il2rgtm1Wjl/SzJ	hu133
J000106143	DFAM-84910-V1	xenograft	1	NOD.Cg-Prkdcscid Il2rgtm1Wjl/SzJ	stRNA_Seq
TM01264	TM01264FPT	xenograft	1	NOD.Cg-Prkdcscid Il2rgtm1Wjl/SzJ	RNA_Seq
TM01098	TM01098F034P0	xenograft	0	NOD.Cg-Prkdcscid Il2rgtm1Wjl/SzJ	RNA_Seq
TM01533	TM01533F148P0	xenograft	0	NOD.Cg-Prkdcscid Il2rgtm1Wjl/SzJ	RNA_Seq
TM00387	KD0459PEPT	xenograft	1	NOD.Cg-Prkdcscid Il2rgtm1Wjl/SzJ	hg10st
TM00053	BN199FPT	xenograft	1	NOD.Cg-Prkdcscid Il2rgtm1Wjl/SzJ	hg10st
TM00702	SK1260F017P0	xenograft	0	NOD.Cg-Prkdcscid Il2rgtm1Wjl/SzJ	hu133
TM00263	LG1287F122P0	xenograft	0	NOD.Cg-Prkdcscid Il2rgtm1Wjl/SzJ	hu133
TM01446	TM01446F14P0	xenograft	0	NOD.Cg-Prkdcscid Il2rgtm1Wjl/SzJ	RNA_Seq
TM00058	BN218FPT	xenograft	1	NOD.Cg-Prkdcscid Il2rgtm1Wjl/SzJ	hg10st
TM01464	TM01464F1331P0	xenograft	0	NOD.Cg-Prkdcscid Il2rgtm1Wjl/SzJ	RNA_Seq
J000106573	DFTL-94393-V3	xenograft	3	NOD.Cg-Prkdcscid Il2rgtm1Wjl/SzJ	RNA_Seq
TM00190	LG0542F5281P0000P1013P2	xenograft	2	NOD.Cg-Prkdcscid Il2rgtm1Wjl/SzJ	stRNA_Seq
TM00060	BN237F004P0	xenograft	0	NOD.Cg-Prkdcscid Il2rgtm1Wjl/SzJ	hg10st
TM00185	LG0476F211P0000P1001P2	xenograft	2	NOD.Cg-Prkdcscid Il2rgtm1Wjl/SzJ	stRNA_Seq
TM01076	LV1032F051P0	xenograft	0	NOD.Cg-Prkdcscid Il2rgtm1Wjl/SzJ	RNA_Seq
TM01353	TM01353F925P0	xenograft	0	NOD.Cg-Prkdcscid Il2rgtm1Wjl/SzJ	RNA_Seq
J000102630	SGJ102640F002P4	xenograft	4	NOD.Cg-Prkdcscid Il2rgtm1Wjl/SzJ	stRNA_Seq
TM01244	TM01244F584P0	xenograft	0	NOD.Cg-Prkdcscid Il2rgtm1Wjl/SzJ	RNA_Seq
J000111054	J000111809	xenograft	5	NOD.Cg-Prkdcscid Il2rgtm1Wjl/SzJ	stRNA_Seq
J000106146	DFMD-76960-V2	xenograft	2	NOD.Cg-Prkdcscid Il2rgtm1Wjl/SzJ	RNA_Seq
TM01085	TM01085F064P0	xenograft	0	NOD.Cg-Prkdcscid Il2rgtm1Wjl/SzJ	RNA_Seq
J000106565	DFAM-16835-V1	xenograft	1	NOD.Cg-Prkdcscid Il2rgtm1Wjl/SzJ	RNA_Seq
TM00203	LG0801F1250P0	xenograft	0	NOD.Cg-Prkdcscid Il2rgtm1Wjl/SzJ	RNA_Seq
TM01557	TM01557F247P0	xenograft	0	NOD.Cg-Prkdcscid Il2rgtm1Wjl/SzJ	RNA_Seq
TM01243	TM01243F578P0	xenograft	0	NOD.Cg-Prkdcscid Il2rgtm1Wjl/SzJ	RNA_Seq
J000106142	DFAM-80115-V1	xenograft	1	NOD.Cg-Prkdcscid Il2rgtm1Wjl/SzJ	RNA_Seq
J000100674	J000101829	xenograft	0	NOD.Cg-Prkdcscid Il2rgtm1Wjl/SzJ	RNA_Seq
TM00999	BR1240F002P0	xenograft	0	NOD.Cg-Prkdcscid Il2rgtm1Wjl/SzJ	RNA_Seq
J000106532	BCM-3561	xenograft	1	NOD.Cg-Prkdcscid Il2rgtm1Wjl/SzJ	RNA_Seq
TM01053	RP2246FPT	xenograft	1	NOD.Cg-Prkdcscid Il2rgtm1Wjl/SzJ	RNA_Seq
J000106124	DFAM-15354-V2	xenograft	2	NOD.Cg-Prkdcscid Il2rgtm1Wjl/SzJ	RNA_Seq
TM01400	TM01400F1114P0	xenograft	0	NOD.Cg-Prkdcscid Il2rgtm1Wjl/SzJ	RNA_Seq
TM00107	BR1936F227P0	xenograft	0	NOD.Cg-Prkdcscid Il2rgtm1Wjl/SzJ	stRNA_Seq
TM00112	BR1172F146P0	xenograft	0	NOD.Cg-Prkdcscid Il2rgtm1Wjl/SzJ	hu133
TM00206	LG0812PE1332P0	xenograft	0	NOD.Cg-Prkdcscid Il2rgtm1Wjl/SzJ	hg10st
J000100646	J000103692	xenograft	1	NOD.Cg-Prkdcscid Il2rgtm1Wjl/SzJ	RNA_Seq
TM01545	TM01545F197P0	xenograft	0	NOD.Cg-Prkdcscid Il2rgtm1Wjl/SzJ	RNA_Seq
J000100675	J000104166	xenograft	1	NOD.Cg-Prkdcscid Il2rgtm1Wjl/SzJ	stRNA_Seq
J000078604	J000080793	xenograft	0	NOD.Cg-Prkdcscid Il2rgtm1Wjl/SzJ	RNA_Seq
J000106566	DFAM-32000-V1	xenograft	1	NOD.Cg-Prkdcscid Il2rgtm1Wjl/SzJ	stRNA_Seq
J000102680	SGJ102687F002P4	xenograft	4	NOD.Cg-Prkdcscid Il2rgtm1Wjl/SzJ	stRNA_Seq
TM00023	BL0429F1608P0	xenograft	0	NOD.Cg-Prkdcscid Il2rgtm1Wjl/SzJ	RNA_Seq
TM00072	BN278F002P0	xenograft	0	NOD.Cg-Prkdcscid Il2rgtm1Wjl/SzJ	hu133
TM00253	LG1260F097P0	xenograft	0	NOD.Cg-Prkdcscid Il2rgtm1Wjl/SzJ	RNA_Seq
TM00387	KD0459PE400P0	xenograft	0	NOD.Cg-Prkdcscid Il2rgtm1Wjl/SzJ	hg10st
TM00062	BN245FPT	xenograft	1	NOD.Cg-Prkdcscid Il2rgtm1Wjl/SzJ	hg10st
TM00356	LG0552F574P0000P1027P2	xenograft	2	NOD.Cg-Prkdcscid Il2rgtm1Wjl/SzJ	stRNA_Seq
TM00376	SA0568F023P0	xenograft	0	NOD.Cg-Prkdcscid Il2rgtm1Wjl/SzJ	hu133
J000106536	BCM-3613	xenograft	1	NOD.Cg-Prkdcscid Il2rgtm1Wjl/SzJ	RNA_Seq
TM00026	BL0479F1895P0002P1	xenograft	1	NOD.Cg-Prkdcscid Il2rgtm1Wjl/SzJ	stRNA_Seq
TM00219	LG1049F1704P0	xenograft	0	NOD.Cg-Prkdcscid Il2rgtm1Wjl/SzJ	RNA_Seq
TM01302	TM01302F815P0	xenograft	0	NOD.Cg-Prkdcscid Il2rgtm1Wjl/SzJ	RNA_Seq
J000106531	BCM-3204	xenograft	1	NOD.Cg-Prkdcscid Il2rgtm1Wjl/SzJ	RNA_Seq
J000106567	DFAL-49600-V2	xenograft	2	NOD.Cg-Prkdcscid Il2rgtm1Wjl/SzJ	RNA_Seq
TM00188	LG0520F433P0	xenograft	0	NOD.Cg-Prkdcscid Il2rgtm1Wjl/SzJ	stRNA_Seq
TM01014	CN0500FPT	xenograft	1	NOD.Cg-Prkdcscid Il2rgtm1Wjl/SzJ	RNA_Seq
TM01141	TM01141F170P0	xenograft	0	NOD.Cg-Prkdcscid Il2rgtm1Wjl/SzJ	RNA_Seq
TM00360	SA0082F006P0	xenograft	0	NOD.Cg-Prkdcscid Il2rgtm1Wjl/SzJ	hg10st
TM01086	TM01086F269P0	xenograft	0	NOD.Cg-Prkdcscid Il2rgtm1Wjl/SzJ	RNA_Seq
TM01149	TM01149F093P0	xenograft	0	NOD.Cg-Prkdcscid Il2rgtm1Wjl/SzJ	RNA_Seq
TM00206	LG0812PE1330P0	xenograft	0	NOD.Cg-Prkdcscid Il2rgtm1Wjl/SzJ	hg10st
TM01135	TM01135F151P0	xenograft	0	NOD.Cg-Prkdcscid Il2rgtm1Wjl/SzJ	RNA_Seq
TM01340	TM01340F885P0	xenograft	0	NOD.Cg-Prkdcscid Il2rgtm1Wjl/SzJ	RNA_Seq
TM00214	LG1011PE1607P0000P1002P2	xenograft	2	NOD.Cg-Prkdcscid Il2rgtm1Wjl/SzJ	stRNA_Seq
TM00226	LG1179F2089P0	xenograft	0	NOD.Cg-Prkdcscid Il2rgtm1Wjl/SzJ	RNA_Seq
TM01446	TM01446F1265P0256P1	xenograft	1	NOD.Cg-Prkdcscid Il2rgtm1Wjl/SzJ	RNA_Seq
TM00198	LG0671F884P0002P1	xenograft	1	NOD.Cg-Prkdcscid Il2rgtm1Wjl/SzJ	hu133
TM01053	RP2246F197P0	xenograft	0	NOD.Cg-Prkdcscid Il2rgtm1Wjl/SzJ	RNA_Seq
J000101329	SGJ101345F001P3	xenograft	3	NOD.Cg-Prkdcscid Il2rgtm1Wjl/SzJ	stRNA_Seq
TM01423	KD1349FPT	xenograft	1	NOD.Cg-Prkdcscid Il2rgtm1Wjl/SzJ	RNA_Seq
TM01130	TM01130F147P0	xenograft	0	NOD.Cg-Prkdcscid Il2rgtm1Wjl/SzJ	RNA_Seq
J000077636	J000118439	xenograft	2	NOD.Cg-Prkdcscid Il2rgtm1Wjl/SzJ	stRNA_Seq
J000111787	J000114179	xenograft	1	NOD.Cg-Prkdcscid Il2rgtm1Wjl/SzJ	stRNA_Seq
TM01284	TM01284F744P0	xenograft	0	NOD.Cg-Prkdcscid Il2rgtm1Wjl/SzJ	RNA_Seq
TM01500	TM01500F25P0	xenograft	0	NOD.Cg-Prkdcscid Il2rgtm1Wjl/SzJ	RNA_Seq
J000098169	J000103431	xenograft	1	NOD.Cg-Prkdcscid Il2rgtm1Wjl/SzJ	RNA_Seq
TM00037	BL0545F63P0126P1	xenograft	1	NOD.Cg-Prkdcscid Il2rgtm1Wjl/SzJ	RNA_Seq
TM01007	PA1333F087P0	xenograft	0	NOD.Cg-Prkdcscid Il2rgtm1Wjl/SzJ	RNA_Seq
TM01442	TM01442F1243P0	xenograft	0	NOD.Cg-Prkdcscid Il2rgtm1Wjl/SzJ	RNA_Seq
TM00334	OV1110F024P0	xenograft	0	NOD.Cg-Prkdcscid Il2rgtm1Wjl/SzJ	hg10st
TM01303	TM01303F800P0241P1	xenograft	1	NOD.Cg-Prkdcscid Il2rgtm1Wjl/SzJ	RNA_Seq
J000106134	DFAM-61786-V2	xenograft	2	NOD.Cg-Prkdcscid Il2rgtm1Wjl/SzJ	RNA_Seq
J000105934	J000110859	xenograft	1	NOD.Cg-Prkdcscid Il2rgtm1Wjl/SzJ	stRNA_Seq
TM01231	TM01231F001P0	xenograft	0	NOD.Cg-Prkdcscid Il2rgtm1Wjl/SzJ	RNA_Seq
TM01340	TM01340F884P0	xenograft	0	NOD.Cg-Prkdcscid Il2rgtm1Wjl/SzJ	RNA_Seq
TM01212	TM01212F463P0307P1	xenograft	1	NOD.Cg-Prkdcscid Il2rgtm1Wjl/SzJ	RNA_Seq
TM01302	TM01302F816P0	xenograft	0	NOD.Cg-Prkdcscid Il2rgtm1Wjl/SzJ	RNA_Seq
J000093555	SGJ9355F001P4	xenograft	4	NOD.Cg-Prkdcscid Il2rgtm1Wjl/SzJ	stRNA_Seq
TM00089	BR0620F037P0001P1	xenograft	1	NOD.Cg-Prkdcscid Il2rgtm1Wjl/SzJ	hg10st
TM01258	TM01258F643P0216P1	xenograft	1	NOD.Cg-Prkdcscid Il2rgtm1Wjl/SzJ	RNA_Seq
J000077960	J000093249	xenograft	0	NOD.Cg-Prkdcscid Il2rgtm1Wjl/SzJ	RNA_Seq
J000111428	J000113065	xenograft	1	NOD.Cg-Prkdcscid Il2rgtm1Wjl/SzJ	stRNA_Seq
TM00137	CN1264F31P071P1	xenograft	1	NOD.Cg-Prkdcscid Il2rgtm1Wjl/SzJ	RNA_Seq
TM01344	TM01344F899P0	xenograft	0	NOD.Cg-Prkdcscid Il2rgtm1Wjl/SzJ	RNA_Seq
TM00920	PA1324F066P0	xenograft	0	NOD.Cg-Prkdcscid Il2rgtm1Wjl/SzJ	RNA_Seq
TM01231	TM01231FPT	xenograft	1	NOD.Cg-Prkdcscid Il2rgtm1Wjl/SzJ	RNA_Seq
J000106133	DFAM-55517-V1	xenograft	1	NOD.Cg-Prkdcscid Il2rgtm1Wjl/SzJ	RNA_Seq
TM00026	BL0479F1895P0002P1	xenograft	1	NOD.Cg-Prkdcscid Il2rgtm1Wjl/SzJ	RNA_Seq
TM00196	LG0645F826P0	xenograft	0	NOD.Cg-Prkdcscid Il2rgtm1Wjl/SzJ	hg10st
TM00355	LG0551F552P0	xenograft	0	NOD.Cg-Prkdcscid Il2rgtm1Wjl/SzJ	hg10st
TM01611	TM01611F457P0	xenograft	0	NOD.Cg-Prkdcscid Il2rgtm1Wjl/SzJ	RNA_Seq
TM00212	LG0978F1565P0	xenograft	0	NOD.Cg-Prkdcscid Il2rgtm1Wjl/SzJ	stRNA_Seq
J000096652	J000099832	xenograft	0	NOD.Cg-Prkdcscid Il2rgtm1Wjl/SzJ	RNA_Seq
TM01278	TM01278F722P0	xenograft	0	NOD.Cg-Prkdcscid Il2rgtm1Wjl/SzJ	RNA_Seq
TM01244	TM01244F585P0	xenograft	0	NOD.Cg-Prkdcscid Il2rgtm1Wjl/SzJ	RNA_Seq
TM01498	TM01498F014P0	xenograft	0	NOD.Cg-Prkdcscid Il2rgtm1Wjl/SzJ	RNA_Seq
J000115417	J000115850	xenograft	6	NOD.Cg-Prkdcscid Il2rgtm1Wjl/SzJ	stRNA_Seq
TM00185	LG0476FPT	xenograft	1	NOD.Cg-Prkdcscid Il2rgtm1Wjl/SzJ	hg10st
TM01079	TM01079F259P0	xenograft	0	NOD.Cg-Prkdcscid Il2rgtm1Wjl/SzJ	RNA_Seq
J000106566	DFAM-32000-V1	xenograft	1	NOD.Cg-Prkdcscid Il2rgtm1Wjl/SzJ	RNA_Seq
J000112064	J000115185	xenograft	1	NOD.Cg-Prkdcscid Il2rgtm1Wjl/SzJ	stRNA_Seq
J000100672	J000103863	xenograft	1	NOD.Cg-Prkdcscid Il2rgtm1Wjl/SzJ	RNA_Seq
TM00024	BL0440F1664P0	xenograft	0	NOD.Cg-Prkdcscid Il2rgtm1Wjl/SzJ	hu133
TM00214	LG1011PE1607P0	xenograft	0	NOD.Cg-Prkdcscid Il2rgtm1Wjl/SzJ	hu133
TM00259	LG1277F111P0	xenograft	0	NOD.Cg-Prkdcscid Il2rgtm1Wjl/SzJ	RNA_Seq
TM01029	BL0215FPT	xenograft	1	NOD.Cg-Prkdcscid Il2rgtm1Wjl/SzJ	RNA_Seq
TM01117	TM01117FPT	xenograft	1	NOD.Cg-Prkdcscid Il2rgtm1Wjl/SzJ	RNA_Seq
J000099873	J000101563	xenograft	0	NOD.Cg-Prkdcscid Il2rgtm1Wjl/SzJ	RNA_Seq
TM00857	CN1294F052P3	xenograft	3	NOD.Cg-Prkdcscid Il2rgtm1Wjl/SzJ	stRNA_Seq
TM01044	LY2238A16P01P1	xenograft	1	NOD.Cg-Prkdcscid Il2rgtm1Wjl/SzJ	RNA_Seq
J000078366	J000092579	xenograft	0	NOD.Cg-Prkdcscid Il2rgtm1Wjl/SzJ	RNA_Seq
TM00244	LG1235F082P0	xenograft	0	NOD.Cg-Prkdcscid Il2rgtm1Wjl/SzJ	hu133
J000100365	J000101776	xenograft	0	NOD.Cg-Prkdcscid Il2rgtm1Wjl/SzJ	RNA_Seq
J000106125	DFAM-22318-V1	xenograft	1	NOD.Cg-Prkdcscid Il2rgtm1Wjl/SzJ	RNA_Seq
TM00206	LG0812PE1330P0	xenograft	0	NOD.Cg-Prkdcscid Il2rgtm1Wjl/SzJ	stRNA_Seq
TM01569	TM01569F287P4	xenograft	4	NOD.Cg-Prkdcscid Il2rgtm1Wjl/SzJ	stRNA_Seq
J000096053	J000102919	xenograft	1	NOD.Cg-Prkdcscid Il2rgtm1Wjl/SzJ	RNA_Seq
TM00849	CNC1021F001P0	xenograft	0	NOD.Cg-Prkdcscid Il2rgtm1Wjl/SzJ	hu133
J000094707	J000103478	xenograft	1	NOD.Cg-Prkdcscid Il2rgtm1Wjl/SzJ	stRNA_Seq
J000105561	J000109287	xenograft	1	NOD.Cg-Prkdcscid Il2rgtm1Wjl/SzJ	stRNA_Seq
TM00075	BN289F068P0000P1014P2	xenograft	2	NOD.Cg-Prkdcscid Il2rgtm1Wjl/SzJ	stRNA_Seq
TM00058	BN218F006P0	xenograft	0	NOD.Cg-Prkdcscid Il2rgtm1Wjl/SzJ	hg10st
TM00203	LG0801F1250P0	xenograft	0	NOD.Cg-Prkdcscid Il2rgtm1Wjl/SzJ	hg10st
TM01594	TM01594F006P0000P1011P2	xenograft	2	NOD.Cg-Prkdcscid Il2rgtm1Wjl/SzJ	stRNA_Seq
J000098169	J000100949	xenograft	0	NOD.Cg-Prkdcscid Il2rgtm1Wjl/SzJ	RNA_Seq
TM01348	TM01348F918P0	xenograft	0	NOD.Cg-Prkdcscid Il2rgtm1Wjl/SzJ	RNA_Seq
TM00193	LG0591F705P5043	xenograft	5	NOD.Cg-Prkdcscid Il2rgtm1Wjl/SzJ	RNA_Seq
TM00193	LG0591F709P0	xenograft	0	NOD.Cg-Prkdcscid Il2rgtm1Wjl/SzJ	hg10st
J000099257	J000101155	xenograft	0	NOD.Cg-Prkdcscid Il2rgtm1Wjl/SzJ	RNA_Seq
TM00274	SA0426F1132P0	xenograft	0	NOD.Cg-Prkdcscid Il2rgtm1Wjl/SzJ	hg10st
J000117591	J000117973	xenograft	2	NOD.Cg-Prkdcscid Il2rgtm1Wjl/SzJ	stRNA_Seq
J000095054	J000100452	xenograft	0	NOD.Cg-Prkdcscid Il2rgtm1Wjl/SzJ	RNA_Seq
J000108981	J000114456	xenograft	1	NOD.Cg-Prkdcscid Il2rgtm1Wjl/SzJ	stRNA_Seq
TM01612	TM01612F464P0	xenograft	0	NOD.Cg-Prkdcscid Il2rgtm1Wjl/SzJ	RNA_Seq
TM00958	HN1210541F105P0	xenograft	0	NOD.Cg-Prkdcscid Il2rgtm1Wjl/SzJ	hu133
TM00078	BN301F001P0	xenograft	0	NOD.Cg-Prkdcscid Il2rgtm1Wjl/SzJ	hu133
J000094100	J000095327	xenograft	0	NOD.Cg-Prkdcscid Il2rgtm1Wjl/SzJ	RNA_Seq
TM01225	TM01225F511P0	xenograft	0	NOD.Cg-Prkdcscid Il2rgtm1Wjl/SzJ	RNA_Seq
TM01386	TM01386F1075P6	xenograft	6	NOD.Cg-Prkdcscid Il2rgtm1Wjl/SzJ	stRNA_Seq
TM00206	LG0812PE1332P0	xenograft	0	NOD.Cg-Prkdcscid Il2rgtm1Wjl/SzJ	stRNA_Seq
TM01125	TM01125F136P0	xenograft	0	NOD.Cg-Prkdcscid Il2rgtm1Wjl/SzJ	RNA_Seq
J000106124	DFAM-15354-V2	xenograft	2	NOD.Cg-Prkdcscid Il2rgtm1Wjl/SzJ	stRNA_Seq
TM01149	TM01149FPT	xenograft	1	NOD.Cg-Prkdcscid Il2rgtm1Wjl/SzJ	RNA_Seq
TM00020	BL0382F1232P0	xenograft	0	NOD.Cg-Prkdcscid Il2rgtm1Wjl/SzJ	RNA_Seq
TM00877	LG1301F301P0	xenograft	0	NOD.Cg-Prkdcscid Il2rgtm1Wjl/SzJ	RNA_Seq
J000093018	J000094906	xenograft	0	NOD.Cg-Prkdcscid Il2rgtm1Wjl/SzJ	RNA_Seq
TM01303	TM01303F820P0	xenograft	0	NOD.Cg-Prkdcscid Il2rgtm1Wjl/SzJ	RNA_Seq
TM00053	BN199F006P0000P1012P2	xenograft	2	NOD.Cg-Prkdcscid Il2rgtm1Wjl/SzJ	stRNA_Seq
TM01500	TM01500F023P0	xenograft	0	NOD.Cg-Prkdcscid Il2rgtm1Wjl/SzJ	RNA_Seq
TM00098	BR1126F030P0	xenograft	0	NOD.Cg-Prkdcscid Il2rgtm1Wjl/SzJ	stRNA_Seq
TM01464	TM01464F1330P0	xenograft	0	NOD.Cg-Prkdcscid Il2rgtm1Wjl/SzJ	RNA_Seq
J000108157	J000110717	xenograft	1	NOD.Cg-Prkdcscid Il2rgtm1Wjl/SzJ	stRNA_Seq
TM01092	TM01092F015P0	xenograft	0	NOD.Cg-Prkdcscid Il2rgtm1Wjl/SzJ	RNA_Seq
TM01357	TM01357F942P0	xenograft	0	NOD.Cg-Prkdcscid Il2rgtm1Wjl/SzJ	RNA_Seq
TM01215	TM01215F474P0	xenograft	0	NOD.Cg-Prkdcscid Il2rgtm1Wjl/SzJ	RNA_Seq
TM00072	BN278F002P0	xenograft	0	NOD.Cg-Prkdcscid Il2rgtm1Wjl/SzJ	stRNA_Seq
TM00385	CN1571F2031P0	xenograft	0	NOD.Cg-Prkdcscid Il2rgtm1Wjl/SzJ	hu133
TM00229	LG1189F1952P0001P1011P2	xenograft	2	NOD.Cg-Prkdcscid Il2rgtm1Wjl/SzJ	stRNA_Seq
TM00080	BN303F015P0000P1014P2	xenograft	2	NOD.Cg-Prkdcscid Il2rgtm1Wjl/SzJ	stRNA_Seq
TM00916	OM1058F141P059P1	xenograft	1	NOD.Cg-Prkdcscid Il2rgtm1Wjl/SzJ	RNA_Seq
TM01441	TM01441F1236P0	xenograft	0	NOD.Cg-Prkdcscid Il2rgtm1Wjl/SzJ	RNA_Seq
TM00931	PA2201F070P0	xenograft	0	NOD.Cg-Prkdcscid Il2rgtm1Wjl/SzJ	RNA_Seq
TM00192	LG0567F669P0	xenograft	0	NOD.Cg-Prkdcscid Il2rgtm1Wjl/SzJ	RNA_Seq
TM00057	BN217FPT	xenograft	1	NOD.Cg-Prkdcscid Il2rgtm1Wjl/SzJ	hg10st
J000102680	J000107115	xenograft	1	NOD.Cg-Prkdcscid Il2rgtm1Wjl/SzJ	stRNA_Seq
TM00096	BR0851F002P0	xenograft	0	NOD.Cg-Prkdcscid Il2rgtm1Wjl/SzJ	hg10st
J000103634	J000105162	xenograft	1	NOD.Cg-Prkdcscid Il2rgtm1Wjl/SzJ	stRNA_Seq
TM00053	BN199F001P0001P1	xenograft	1	NOD.Cg-Prkdcscid Il2rgtm1Wjl/SzJ	hg10st
TM00061	BN243FPT	xenograft	1	NOD.Cg-Prkdcscid Il2rgtm1Wjl/SzJ	hg10st
TM01137	SK0259F028P0	xenograft	0	NOD.Cg-Prkdcscid Il2rgtm1Wjl/SzJ	RNA_Seq
TM00170	CN1572F2026P0000P1001P2	xenograft	2	NOD.Cg-Prkdcscid Il2rgtm1Wjl/SzJ	stRNA_Seq
TM00023	BL0429F1608P0	xenograft	0	NOD.Cg-Prkdcscid Il2rgtm1Wjl/SzJ	hu133
J000105006	J000106845	xenograft	1	NOD.Cg-Prkdcscid Il2rgtm1Wjl/SzJ	stRNA_Seq
TM00183	CN0458F1766P0	xenograft	0	NOD.Cg-Prkdcscid Il2rgtm1Wjl/SzJ	hg10st
TM01571	TM01571F247P0	xenograft	0	NOD.Cg-Prkdcscid Il2rgtm1Wjl/SzJ	RNA_Seq
TM00980	CN0010FPT	xenograft	1	NOD.Cg-Prkdcscid Il2rgtm1Wjl/SzJ	RNA_Seq
J000077451	J000098320	xenograft	1	NOD.Cg-Prkdcscid Il2rgtm1Wjl/SzJ	RNA_Seq
J000095054	J000102503	xenograft	1	NOD.Cg-Prkdcscid Il2rgtm1Wjl/SzJ	RNA_Seq
J000106143	DFAM-84910-V1	xenograft	1	NOD.Cg-Prkdcscid Il2rgtm1Wjl/SzJ	RNA_Seq
TM00090	BR0744F098P0	xenograft	0	NOD.Cg-Prkdcscid Il2rgtm1Wjl/SzJ	hg10st
TM01030	CN1348F109P0	xenograft	0	NOD.Cg-Prkdcscid Il2rgtm1Wjl/SzJ	RNA_Seq
TM01087	TM01087F108P0104P1	xenograft	1	NOD.Cg-Prkdcscid Il2rgtm1Wjl/SzJ	RNA_Seq
TM01220	TM01220F488P0	xenograft	0	NOD.Cg-Prkdcscid Il2rgtm1Wjl/SzJ	RNA_Seq
TM00016	BL0293F563P0	xenograft	0	NOD.Cg-Prkdcscid Il2rgtm1Wjl/SzJ	hg10st
TM01373	TM01373F1015P0	xenograft	0	NOD.Cg-Prkdcscid Il2rgtm1Wjl/SzJ	RNA_Seq
J000106132	DFAM-22359-V1	xenograft	1	NOD.Cg-Prkdcscid Il2rgtm1Wjl/SzJ	stRNA_Seq
TM00980	CN0010F103P4	xenograft	4	NOD.Cg-Prkdcscid Il2rgtm1Wjl/SzJ	stRNA_Seq
TM00914	EN1057F136P0	xenograft	0	NOD.Cg-Prkdcscid Il2rgtm1Wjl/SzJ	RNA_Seq
TM01264	TM01264F667P3	xenograft	3	NOD.Cg-Prkdcscid Il2rgtm1Wjl/SzJ	stRNA_Seq
J000095054	J000102119	xenograft	1	NOD.Cg-Prkdcscid Il2rgtm1Wjl/SzJ	RNA_Seq
TM00231	LG1197F385P0	xenograft	0	NOD.Cg-Prkdcscid Il2rgtm1Wjl/SzJ	hu133
J000106534	BCM-3936	xenograft	1	NOD.Cg-Prkdcscid Il2rgtm1Wjl/SzJ	RNA_Seq
J000101121	J000101546	xenograft	0	NOD.Cg-Prkdcscid Il2rgtm1Wjl/SzJ	RNA_Seq
J000102680	J000107100	xenograft	1	NOD.Cg-Prkdcscid Il2rgtm1Wjl/SzJ	stRNA_Seq
TM00929	LV1026F11P021P1	xenograft	1	NOD.Cg-Prkdcscid Il2rgtm1Wjl/SzJ	stRNA_Seq
TM00926	CN1611F000P0076P1	xenograft	1	NOD.Cg-Prkdcscid Il2rgtm1Wjl/SzJ	RNA_Seq
TM00183	CN0458F1766P0	xenograft	0	NOD.Cg-Prkdcscid Il2rgtm1Wjl/SzJ	stRNA_Seq
TM01002	BL0591F111P0	xenograft	0	NOD.Cg-Prkdcscid Il2rgtm1Wjl/SzJ	RNA_Seq
TM00279	SA0516F1650P0000P1011P2	xenograft	2	NOD.Cg-Prkdcscid Il2rgtm1Wjl/SzJ	stRNA_Seq
TM00103	BR0869F014P0000P1003P2	xenograft	2	NOD.Cg-Prkdcscid Il2rgtm1Wjl/SzJ	stRNA_Seq
TM01165	TM01165F276P0160P1	xenograft	1	NOD.Cg-Prkdcscid Il2rgtm1Wjl/SzJ	RNA_Seq
J000099706	J000101684	xenograft	1	NOD.Cg-Prkdcscid Il2rgtm1Wjl/SzJ	stRNA_Seq
TM00091	BR0901F433P0	xenograft	0	NOD.Cg-Prkdcscid Il2rgtm1Wjl/SzJ	RNA_Seq
TM00233	LG1202F380P0	xenograft	0	NOD.Cg-Prkdcscid Il2rgtm1Wjl/SzJ	hu133
TM01168	TM01168F001P0	xenograft	0	NOD.Cg-Prkdcscid Il2rgtm1Wjl/SzJ	RNA_Seq
TM00060	BN237FPT	xenograft	1	NOD.Cg-Prkdcscid Il2rgtm1Wjl/SzJ	hg10st
TM01100	TM01100F040P0	xenograft	0	NOD.Cg-Prkdcscid Il2rgtm1Wjl/SzJ	RNA_Seq
TM01237	TM01237F560P0245P1	xenograft	1	NOD.Cg-Prkdcscid Il2rgtm1Wjl/SzJ	RNA_Seq
J000099207	J000103192	xenograft	3	NOD.Cg-Prkdcscid Il2rgtm1Wjl/SzJ	RNA_Seq
TM01510	TM01510F46P0235P1	xenograft	1	NOD.Cg-Prkdcscid Il2rgtm1Wjl/SzJ	RNA_Seq
TM01014	CN0500F107P0	xenograft	0	NOD.Cg-Prkdcscid Il2rgtm1Wjl/SzJ	RNA_Seq
TM00080	BN303F015P0	xenograft	0	NOD.Cg-Prkdcscid Il2rgtm1Wjl/SzJ	hu133
TM00317	PA1919F211P0	xenograft	0	NOD.Cg-Prkdcscid Il2rgtm1Wjl/SzJ	hu133
TM01443	TM01443F1246P0	xenograft	0	NOD.Cg-Prkdcscid Il2rgtm1Wjl/SzJ	RNA_Seq
TM01215	TM01215F47P0	xenograft	0	NOD.Cg-Prkdcscid Il2rgtm1Wjl/SzJ	RNA_Seq
J000102630	J000106821	xenograft	1	NOD.Cg-Prkdcscid Il2rgtm1Wjl/SzJ	stRNA_Seq
TM00188	LG0520F434P0	xenograft	0	NOD.Cg-Prkdcscid Il2rgtm1Wjl/SzJ	hg10st
TM00282	SK0068F897P0	xenograft	0	NOD.Cg-Prkdcscid Il2rgtm1Wjl/SzJ	hg10st
TM00176	PA0165F629P0	xenograft	0	NOD.Cg-Prkdcscid Il2rgtm1Wjl/SzJ	hg10st
TM00176	PA0165F629P0000P1011P2	xenograft	2	NOD.Cg-Prkdcscid Il2rgtm1Wjl/SzJ	stRNA_Seq
J000101006	J000101983	xenograft	0	NOD.Cg-Prkdcscid Il2rgtm1Wjl/SzJ	RNA_Seq
TM00187	LG0494F337P0000P1	xenograft	1	NOD.Cg-Prkdcscid Il2rgtm1Wjl/SzJ	stRNA_Seq
TM00165	CN0446F447P0	xenograft	0	NOD.Cg-Prkdcscid Il2rgtm1Wjl/SzJ	hg10st
TM01373	TM01373F1015P0343P1	xenograft	1	NOD.Cg-Prkdcscid Il2rgtm1Wjl/SzJ	RNA_Seq
TM00091	BR0901F433P0	xenograft	0	NOD.Cg-Prkdcscid Il2rgtm1Wjl/SzJ	stRNA_Seq
TM01075	CN1032F136P0	xenograft	0	NOD.Cg-Prkdcscid Il2rgtm1Wjl/SzJ	RNA_Seq
J000106145	DFBL-20954-V2	xenograft	2	NOD.Cg-Prkdcscid Il2rgtm1Wjl/SzJ	RNA_Seq
TM01127	SA1208005F2P043P1	xenograft	1	NOD.Cg-Prkdcscid Il2rgtm1Wjl/SzJ	RNA_Seq
J000117663	J000118475	xenograft	1	NOD.Cg-Prkdcscid Il2rgtm1Wjl/SzJ	stRNA_Seq
J000106535	BCM-5097	xenograft	1	NOD.Cg-Prkdcscid Il2rgtm1Wjl/SzJ	RNA_Seq
J000115416	J000116087	xenograft	5	NOD.Cg-Prkdcscid Il2rgtm1Wjl/SzJ	stRNA_Seq
J000094707	J000101142	xenograft	0	NOD.Cg-Prkdcscid Il2rgtm1Wjl/SzJ	RNA_Seq
TM00298	PR1996F336P0	xenograft	0	NOD.Cg-Prkdcscid Il2rgtm1Wjl/SzJ	hu133
J000115418	J000115693	xenograft	3	NOD.Cg-Prkdcscid Il2rgtm1Wjl/SzJ	stRNA_Seq
TM01239	TM01239F561P0	xenograft	0	NOD.Cg-Prkdcscid Il2rgtm1Wjl/SzJ	RNA_Seq
TM01160	TM01160F256P0	xenograft	0	NOD.Cg-Prkdcscid Il2rgtm1Wjl/SzJ	RNA_Seq
TM00026	BL0479F1895P0005P1	xenograft	1	NOD.Cg-Prkdcscid Il2rgtm1Wjl/SzJ	RNA_Seq
TM00847	LG1410F250P0	xenograft	0	NOD.Cg-Prkdcscid Il2rgtm1Wjl/SzJ	hu133
TM00256	LG1265F160P0	xenograft	0	NOD.Cg-Prkdcscid Il2rgtm1Wjl/SzJ	RNA_Seq
TM01137	SK0259FPT	xenograft	1	NOD.Cg-Prkdcscid Il2rgtm1Wjl/SzJ	RNA_Seq
TM00058	BN218F006P0000P1014P2	xenograft	2	NOD.Cg-Prkdcscid Il2rgtm1Wjl/SzJ	stRNA_Seq
TM01386	TM01386F1075P0	xenograft	0	NOD.Cg-Prkdcscid Il2rgtm1Wjl/SzJ	RNA_Seq
J000095635	J000097361	xenograft	0	NOD.Cg-Prkdcscid Il2rgtm1Wjl/SzJ	RNA_Seq
TM00888	CNC1023F069P0	xenograft	0	NOD.Cg-Prkdcscid Il2rgtm1Wjl/SzJ	hu133
TM00327	OVJX01FPT	xenograft	1	NOD.Cg-Prkdcscid Il2rgtm1Wjl/SzJ	hu133
TM01007	PA1333F087P0199P1	xenograft	1	NOD.Cg-Prkdcscid Il2rgtm1Wjl/SzJ	stRNA_Seq
TM00930	UN1317F151P0	xenograft	0	NOD.Cg-Prkdcscid Il2rgtm1Wjl/SzJ	RNA_Seq
TM00282	SK00068F897P0000P1013P2	xenograft	2	NOD.Cg-Prkdcscid Il2rgtm1Wjl/SzJ	stRNA_Seq
TM01457	TM01457F1306P0	xenograft	0	NOD.Cg-Prkdcscid Il2rgtm1Wjl/SzJ	RNA_Seq
J000100674	J000103087	xenograft	1	NOD.Cg-Prkdcscid Il2rgtm1Wjl/SzJ	RNA_Seq
TM00274	SA0426F1133P0	xenograft	0	NOD.Cg-Prkdcscid Il2rgtm1Wjl/SzJ	hu133
TM01031	LG1502F412P0193P1	xenograft	1	NOD.Cg-Prkdcscid Il2rgtm1Wjl/SzJ	RNA_Seq
J000101329	J000102065	xenograft	0	NOD.Cg-Prkdcscid Il2rgtm1Wjl/SzJ	RNA_Seq
TM00112	BR1172F146P0000P1011P2	xenograft	2	NOD.Cg-Prkdcscid Il2rgtm1Wjl/SzJ	stRNA_Seq
TM00208	LG0830F1385P0	xenograft	0	NOD.Cg-Prkdcscid Il2rgtm1Wjl/SzJ	RNA_Seq
TM01628	TM01628F528P0	xenograft	0	NOD.Cg-Prkdcscid Il2rgtm1Wjl/SzJ	RNA_Seq
TM00099	BR1367F033P0	xenograft	0	NOD.Cg-Prkdcscid Il2rgtm1Wjl/SzJ	RNA_Seq
TM00213	LG0997F1574P0	xenograft	0	NOD.Cg-Prkdcscid Il2rgtm1Wjl/SzJ	RNA_Seq
J000099327	J000100858	xenograft	0	NOD.Cg-Prkdcscid Il2rgtm1Wjl/SzJ	RNA_Seq
TM00198	LG0671F884P0007P1	xenograft	1	NOD.Cg-Prkdcscid Il2rgtm1Wjl/SzJ	hu133
TM01039	KD2232F106P0000P1017P2	xenograft	2	NOD.Cg-Prkdcscid Il2rgtm1Wjl/SzJ	stRNA_Seq
TM00062	BN245F005P0	xenograft	0	NOD.Cg-Prkdcscid Il2rgtm1Wjl/SzJ	hg10st
TM00381	SA00209F012P0	xenograft	0	NOD.Cg-Prkdcscid Il2rgtm1Wjl/SzJ	hu133
J000115419	J000115729	xenograft	3	NOD.Cg-Prkdcscid Il2rgtm1Wjl/SzJ	stRNA_Seq
TM00165	CN0446F447P0019P1018P2	xenograft	2	NOD.Cg-Prkdcscid Il2rgtm1Wjl/SzJ	stRNA_Seq
TM00921	LG1348F198P0	xenograft	0	NOD.Cg-Prkdcscid Il2rgtm1Wjl/SzJ	hu133
TM01085	TM01085FPT	xenograft	1	NOD.Cg-Prkdcscid Il2rgtm1Wjl/SzJ	RNA_Seq
J000099761	J000102546	xenograft	1	NOD.Cg-Prkdcscid Il2rgtm1Wjl/SzJ	RNA_Seq
J000118608	J000119748	xenograft	1	NOD.Cg-Prkdcscid Il2rgtm1Wjl/SzJ	stRNA_Seq
TM00980	CN0010F100P0	xenograft	0	NOD.Cg-Prkdcscid Il2rgtm1Wjl/SzJ	RNA_Seq
J000101005	J000104172	xenograft	1	NOD.Cg-Prkdcscid Il2rgtm1Wjl/SzJ	stRNA_Seq
TM00208	LG0830F1385P0	xenograft	0	NOD.Cg-Prkdcscid Il2rgtm1Wjl/SzJ	hg10st
TM00098	BR1126F030P0	xenograft	0	NOD.Cg-Prkdcscid Il2rgtm1Wjl/SzJ	hu133
TM00063	BN248F005P0	xenograft	0	NOD.Cg-Prkdcscid Il2rgtm1Wjl/SzJ	hg10st
TM00219	LG1049F1704P0	xenograft	0	NOD.Cg-Prkdcscid Il2rgtm1Wjl/SzJ	hu133
TM01341	TM01341F889P0	xenograft	0	NOD.Cg-Prkdcscid Il2rgtm1Wjl/SzJ	RNA_Seq
TM00939	LG1475F356P0189P1	xenograft	1	NOD.Cg-Prkdcscid Il2rgtm1Wjl/SzJ	RNA_Seq
J000101328	J000102292	xenograft	0	NOD.Cg-Prkdcscid Il2rgtm1Wjl/SzJ	RNA_Seq
J000105561	J000107318	xenograft	0	NOD.Cg-Prkdcscid Il2rgtm1Wjl/SzJ	stRNA_Seq
J000078673	J000093814	xenograft	0	NOD.Cg-Prkdcscid Il2rgtm1Wjl/SzJ	RNA_Seq
J000106541	DFAL-34953-V1	xenograft	1	NOD.Cg-Prkdcscid Il2rgtm1Wjl/SzJ	RNA_Seq
TM00857	CN1294F052P0	xenograft	0	NOD.Cg-Prkdcscid Il2rgtm1Wjl/SzJ	hu133
TM01120	CNSTG0001F001P0	xenograft	0	NOD.Cg-Prkdcscid Il2rgtm1Wjl/SzJ	hu133
TM01212	TM01212F463P0	xenograft	0	NOD.Cg-Prkdcscid Il2rgtm1Wjl/SzJ	RNA_Seq
J000080230	J000094536	xenograft	0	NOD.Cg-Prkdcscid Il2rgtm1Wjl/SzJ	stRNA_Seq
TM01239	TM01239FPT	xenograft	1	NOD.Cg-Prkdcscid Il2rgtm1Wjl/SzJ	RNA_Seq
TM00098	BR1126F030P0	xenograft	0	NOD.Cg-Prkdcscid Il2rgtm1Wjl/SzJ	RNA_Seq
TM00339	SK129862F002P0	xenograft	0	NOD.Cg-Prkdcscid Il2rgtm1Wjl/SzJ	stRNA_Seq
TM00244	LG1235F082P0000P1011P2	xenograft	2	NOD.Cg-Prkdcscid Il2rgtm1Wjl/SzJ	stRNA_Seq
TM01245	TM01245F588P0	xenograft	0	NOD.Cg-Prkdcscid Il2rgtm1Wjl/SzJ	RNA_Seq
TM00015	BL0269F404P0	xenograft	0	NOD.Cg-Prkdcscid Il2rgtm1Wjl/SzJ	hg10st
TM00170	CN1572F2026P0	xenograft	0	NOD.Cg-Prkdcscid Il2rgtm1Wjl/SzJ	hu133
J000102326	J000103732	xenograft	1	NOD.Cg-Prkdcscid Il2rgtm1Wjl/SzJ	RNA_Seq
TM01302	TM01302FPT	xenograft	1	NOD.Cg-Prkdcscid Il2rgtm1Wjl/SzJ	RNA_Seq
TM01510	TM01510F046P0	xenograft	0	NOD.Cg-Prkdcscid Il2rgtm1Wjl/SzJ	RNA_Seq
J000099873	J000102567	xenograft	1	NOD.Cg-Prkdcscid Il2rgtm1Wjl/SzJ	RNA_Seq
TM00387	KD0459PE401P0	xenograft	0	NOD.Cg-Prkdcscid Il2rgtm1Wjl/SzJ	hg10st
J000114963	J000117955	xenograft	1	NOD.Cg-Prkdcscid Il2rgtm1Wjl/SzJ	stRNA_Seq
TM01029	BL0215F124P0	xenograft	0	NOD.Cg-Prkdcscid Il2rgtm1Wjl/SzJ	RNA_Seq
TM00186	LG0481F231P0	xenograft	0	NOD.Cg-Prkdcscid Il2rgtm1Wjl/SzJ	hg10st
TM00206	LG0812PE1332P0	xenograft	0	NOD.Cg-Prkdcscid Il2rgtm1Wjl/SzJ	RNA_Seq
J000108200	J000113080	xenograft	1	NOD.Cg-Prkdcscid Il2rgtm1Wjl/SzJ	stRNA_Seq
TM00355	LG0551F0552P0000P1000P2005P3	xenograft	3	NOD.Cg-Prkdcscid Il2rgtm1Wjl/SzJ	stRNA_Seq
J000117590	J000118592	xenograft	1	NOD.Cg-Prkdcscid Il2rgtm1Wjl/SzJ	stRNA_Seq
TM01354	TM01354F928P0	xenograft	0	NOD.Cg-Prkdcscid Il2rgtm1Wjl/SzJ	RNA_Seq
TM00849	CN1021F001P0003P1015P2	xenograft	2	NOD.Cg-Prkdcscid Il2rgtm1Wjl/SzJ	stRNA_Seq
TM00913	OV1056F031P0	xenograft	0	NOD.Cg-Prkdcscid Il2rgtm1Wjl/SzJ	RNA_Seq
TM01121	TM01121F119P0	xenograft	0	NOD.Cg-Prkdcscid Il2rgtm1Wjl/SzJ	RNA_Seq
TM00198	LG0671F884P0000P1014P2	xenograft	2	NOD.Cg-Prkdcscid Il2rgtm1Wjl/SzJ	stRNA_Seq
TM00279	SA0516F1650P0	xenograft	0	NOD.Cg-Prkdcscid Il2rgtm1Wjl/SzJ	hu133
TM01353	TM01353F056P0	xenograft	0	NOD.Cg-Prkdcscid Il2rgtm1Wjl/SzJ	RNA_Seq
J000080739	J000094323	xenograft	0	NOD.Cg-Prkdcscid Il2rgtm1Wjl/SzJ	RNA_Seq
J000115420	J000115915	xenograft	3	NOD.Cg-Prkdcscid Il2rgtm1Wjl/SzJ	stRNA_Seq
TM00185	LG0476F211P0	xenograft	0	NOD.Cg-Prkdcscid Il2rgtm1Wjl/SzJ	hg10st
TM00388	CN0428F1126P0	xenograft	0	NOD.Cg-Prkdcscid Il2rgtm1Wjl/SzJ	hg10st
J000078336	J000111589	xenograft	2	NOD.Cg-Prkdcscid Il2rgtm1Wjl/SzJ	stRNA_Seq
TM01220	TM01220F492P0	xenograft	0	NOD.Cg-Prkdcscid Il2rgtm1Wjl/SzJ	RNA_Seq
TM00025	BL0470F1820P0	xenograft	0	NOD.Cg-Prkdcscid Il2rgtm1Wjl/SzJ	hu133
TM00199	LG0703F940P0000P1	xenograft	1	NOD.Cg-Prkdcscid Il2rgtm1Wjl/SzJ	RNA_Seq
J000079689	J000095146	xenograft	0	NOD.Cg-Prkdcscid Il2rgtm1Wjl/SzJ	RNA_Seq
TM00292	LG1194aF2137P0	xenograft	0	NOD.Cg-Prkdcscid Il2rgtm1Wjl/SzJ	hu133
TM00360	SA0082F006P0000P1015P2	xenograft	2	NOD.Cg-Prkdcscid Il2rgtm1Wjl/SzJ	stRNA_Seq
TM00702	SK1260F017P0000P1012P2	xenograft	2	NOD.Cg-Prkdcscid Il2rgtm1Wjl/SzJ	stRNA_Seq
J000106528	BCM-2147	xenograft	1	NOD.Cg-Prkdcscid Il2rgtm1Wjl/SzJ	RNA_Seq
J000102630	J000107510	xenograft	2	NOD.Cg-Prkdcscid Il2rgtm1Wjl/SzJ	stRNA_Seq
TM00910	HN3003F138P035P1	xenograft	1	NOD.Cg-Prkdcscid Il2rgtm1Wjl/SzJ	RNA_Seq
TM01171	TM01171F296P0	xenograft	0	NOD.Cg-Prkdcscid Il2rgtm1Wjl/SzJ	RNA_Seq
J000093572	J000094937	xenograft	0	NOD.Cg-Prkdcscid Il2rgtm1Wjl/SzJ	RNA_Seq
TM01127	SA1208005F001P0	xenograft	0	NOD.Cg-Prkdcscid Il2rgtm1Wjl/SzJ	RNA_Seq
TM00345	ST1870F165P0000P1013P2	xenograft	2	NOD.Cg-Prkdcscid Il2rgtm1Wjl/SzJ	stRNA_Seq
TM00091	BR0901F433P3	xenograft	3	NOD.Cg-Prkdcscid Il2rgtm1Wjl/SzJ	stRNA_Seq
J000099318	J000103813	xenograft	1	NOD.Cg-Prkdcscid Il2rgtm1Wjl/SzJ	RNA_Seq
TM01234	TM01234F545P0	xenograft	0	NOD.Cg-Prkdcscid Il2rgtm1Wjl/SzJ	RNA_Seq
J000106568	DFBL-75549-R2	xenograft	2	NOD.Cg-Prkdcscid Il2rgtm1Wjl/SzJ	RNA_Seq
TM01048	CN1641F116P0	xenograft	0	NOD.Cg-Prkdcscid Il2rgtm1Wjl/SzJ	RNA_Seq
TM01423	KD1349F117P0	xenograft	0	NOD.Cg-Prkdcscid Il2rgtm1Wjl/SzJ	RNA_Seq
TM00246	LG1237F078P0	xenograft	0	NOD.Cg-Prkdcscid Il2rgtm1Wjl/SzJ	hu133
TM01267	TM01267F680P0	xenograft	0	NOD.Cg-Prkdcscid Il2rgtm1Wjl/SzJ	RNA_Seq
TM00204	LG0807F1297P0000P1015P2	xenograft	2	NOD.Cg-Prkdcscid Il2rgtm1Wjl/SzJ	stRNA_Seq
J000094707	J000102912	xenograft	1	NOD.Cg-Prkdcscid Il2rgtm1Wjl/SzJ	RNA_Seq
TM01569	TM01569F288P0	xenograft	0	NOD.Cg-Prkdcscid Il2rgtm1Wjl/SzJ	RNA_Seq
J000111056	J000112727	xenograft	2	NOD.Cg-Prkdcscid Il2rgtm1Wjl/SzJ	stRNA_Seq
J000112882	J000114598	xenograft	1	NOD.Cg-Prkdcscid Il2rgtm1Wjl/SzJ	stRNA_Seq
TM01119	TM01119F113P0239P1	xenograft	1	NOD.Cg-Prkdcscid Il2rgtm1Wjl/SzJ	RNA_Seq
TM01517	TM01517F76P0	xenograft	0	NOD.Cg-Prkdcscid Il2rgtm1Wjl/SzJ	RNA_Seq
TM00327	OVJX01F017P0	xenograft	0	NOD.Cg-Prkdcscid Il2rgtm1Wjl/SzJ	hu133
TM00926	CN1611FPT	xenograft	1	NOD.Cg-Prkdcscid Il2rgtm1Wjl/SzJ	RNA_Seq
TM00099	BR1367F003P6	xenograft	6	NOD.Cg-Prkdcscid Il2rgtm1Wjl/SzJ	stRNA_Seq
TM01045	LY2238BF018P0	xenograft	0	NOD.Cg-Prkdcscid Il2rgtm1Wjl/SzJ	RNA_Seq
TM01479	TM01479F1384P0	xenograft	0	NOD.Cg-Prkdcscid Il2rgtm1Wjl/SzJ	RNA_Seq
TM00945	LV1028F21P0209P1	xenograft	1	NOD.Cg-Prkdcscid Il2rgtm1Wjl/SzJ	RNA_Seq
TM00964	PA2149F062000P1011P2	xenograft	2	NOD.Cg-Prkdcscid Il2rgtm1Wjl/SzJ	stRNA_Seq
J000099207	J000103042	xenograft	3	NOD.Cg-Prkdcscid Il2rgtm1Wjl/SzJ	RNA_Seq
TM00922	CN1210137F002P0	xenograft	0	NOD.Cg-Prkdcscid Il2rgtm1Wjl/SzJ	RNA_Seq
TM00073	BN287F058P0	xenograft	0	NOD.Cg-Prkdcscid Il2rgtm1Wjl/SzJ	hu133
TM00928	LV1025F006P0	xenograft	0	NOD.Cg-Prkdcscid Il2rgtm1Wjl/SzJ	RNA_Seq
TM00259	LG1277F109P0	xenograft	0	NOD.Cg-Prkdcscid Il2rgtm1Wjl/SzJ	RNA_Seq
J000102184	J000105633	xenograft	1	NOD.Cg-Prkdcscid Il2rgtm1Wjl/SzJ	stRNA_Seq
TM00047	BN0338F1466P0	xenograft	0	NOD.Cg-Prkdcscid Il2rgtm1Wjl/SzJ	hu133
TM00355	LG0551F552P0001P1	xenograft	1	NOD.Cg-Prkdcscid Il2rgtm1Wjl/SzJ	stRNA_Seq
TM01513	TM01513F58P0	xenograft	0	NOD.Cg-Prkdcscid Il2rgtm1Wjl/SzJ	RNA_Seq
TM01594	TM01594FPT	xenograft	1	NOD.Cg-Prkdcscid Il2rgtm1Wjl/SzJ	RNA_Seq
J000079689	J000079689PT	xenograft	1	NOD.Cg-Prkdcscid Il2rgtm1Wjl/SzJ	RNA_Seq
TM00368	LY0055F667P0	xenograft	0	NOD.Cg-Prkdcscid Il2rgtm1Wjl/SzJ	hg10st
J000106533	BCM-3887	xenograft	1	NOD.Cg-Prkdcscid Il2rgtm1Wjl/SzJ	RNA_Seq
TM00020	BL0382F1232P0	xenograft	0	NOD.Cg-Prkdcscid Il2rgtm1Wjl/SzJ	hg10st
TM00332	OV0529F1939P0	xenograft	0	NOD.Cg-Prkdcscid Il2rgtm1Wjl/SzJ	hu133
TM00246	LG1237F078P0	xenograft	0	NOD.Cg-Prkdcscid Il2rgtm1Wjl/SzJ	stRNA_Seq
TM00862	CN0003F59P0163P1	xenograft	1	NOD.Cg-Prkdcscid Il2rgtm1Wjl/SzJ	RNA_Seq
TM01117	TM01117F270P0	xenograft	0	NOD.Cg-Prkdcscid Il2rgtm1Wjl/SzJ	RNA_Seq
J000106141	DFAM-72078-V2	xenograft	2	NOD.Cg-Prkdcscid Il2rgtm1Wjl/SzJ	RNA_Seq
TM01148	TM01148F200P0	xenograft	0	NOD.Cg-Prkdcscid Il2rgtm1Wjl/SzJ	RNA_Seq
TM00324	OV2022F394P0000P1013P2	xenograft	2	NOD.Cg-Prkdcscid Il2rgtm1Wjl/SzJ	stRNA_Seq
TM00013	BL0058F037P0	xenograft	0	NOD.Cg-Prkdcscid Il2rgtm1Wjl/SzJ	hu133
TM00194	LG0627PE569P0000P1030P2	xenograft	2	NOD.Cg-Prkdcscid Il2rgtm1Wjl/SzJ	RNA_Seq
TM00135	CN1187F1874P0	xenograft	0	NOD.Cg-Prkdcscid Il2rgtm1Wjl/SzJ	hu133
TM00099	BR1367F033P0	xenograft	0	NOD.Cg-Prkdcscid Il2rgtm1Wjl/SzJ	hg10st
TM00228	LG1186F1901P0	xenograft	0	NOD.Cg-Prkdcscid Il2rgtm1Wjl/SzJ	hu133
J000106144	DFAT-72032-V1	xenograft	1	NOD.Cg-Prkdcscid Il2rgtm1Wjl/SzJ	RNA_Seq
TM00339	SK129862F002P0	xenograft	0	NOD.Cg-Prkdcscid Il2rgtm1Wjl/SzJ	hu133
TM00024	BL0440F1664P0	xenograft	0	NOD.Cg-Prkdcscid Il2rgtm1Wjl/SzJ	RNA_Seq
TM01245	TM01245F589P0	xenograft	0	NOD.Cg-Prkdcscid Il2rgtm1Wjl/SzJ	RNA_Seq
TM01612	TM01612F464P0001P1	xenograft	1	NOD.Cg-Prkdcscid Il2rgtm1Wjl/SzJ	RNA_Seq
TM01354	TM01354F927P0	xenograft	0	NOD.Cg-Prkdcscid Il2rgtm1Wjl/SzJ	RNA_Seq
J000096053	J000102517	xenograft	1	NOD.Cg-Prkdcscid Il2rgtm1Wjl/SzJ	RNA_Seq
J000101892	J000103724	xenograft	1	NOD.Cg-Prkdcscid Il2rgtm1Wjl/SzJ	stRNA_Seq
TM00084	BN311F048P0	xenograft	0	NOD.Cg-Prkdcscid Il2rgtm1Wjl/SzJ	hu133
J000096053	J000100931	xenograft	0	NOD.Cg-Prkdcscid Il2rgtm1Wjl/SzJ	RNA_Seq
TM00355	LG0551F552P0001P1	xenograft	1	NOD.Cg-Prkdcscid Il2rgtm1Wjl/SzJ	hg10st
TM01148	TM01148F198P0	xenograft	0	NOD.Cg-Prkdcscid Il2rgtm1Wjl/SzJ	RNA_Seq
TM01555	TM01555F009P3	xenograft	3	NOD.Cg-Prkdcscid Il2rgtm1Wjl/SzJ	stRNA_Seq
TM01144	TM01144F186P0	xenograft	0	NOD.Cg-Prkdcscid Il2rgtm1Wjl/SzJ	RNA_Seq
TM01462	TM01462F1325P0	xenograft	0	NOD.Cg-Prkdcscid Il2rgtm1Wjl/SzJ	RNA_Seq
TM00929	LV1026F11P021P1	xenograft	1	NOD.Cg-Prkdcscid Il2rgtm1Wjl/SzJ	RNA_Seq
TM01258	TM01258F643P0	xenograft	0	NOD.Cg-Prkdcscid Il2rgtm1Wjl/SzJ	RNA_Seq
TM00943	SK181A1F014P0	xenograft	0	NOD.Cg-Prkdcscid Il2rgtm1Wjl/SzJ	RNA_Seq
J000108931	J000111663	xenograft	1	NOD.Cg-Prkdcscid Il2rgtm1Wjl/SzJ	stRNA_Seq
TM00091	BR0901F433P0	xenograft	0	NOD.Cg-Prkdcscid Il2rgtm1Wjl/SzJ	hu133
TM00386	BR0555FP0	xenograft	0	NOD.Cg-Prkdcscid Il2rgtm1Wjl/SzJ	hg10st
J000099761	J000102546	xenograft	1	NOD.Cg-Prkdcscid Il2rgtm1Wjl/SzJ	stRNA_Seq
TM00076	BN291F090P0	xenograft	0	NOD.Cg-Prkdcscid Il2rgtm1Wjl/SzJ	hu133
J000119129	J000120249	xenograft	2	NOD.Cg-Prkdcscid Il2rgtm1Wjl/SzJ	stRNA_Seq
TM00196	LG0645F826P0000P1015P2	xenograft	2	NOD.Cg-Prkdcscid Il2rgtm1Wjl/SzJ	stRNA_Seq
TM00263	LG1287F122P0000P1014P2	xenograft	2	NOD.Cg-Prkdcscid Il2rgtm1Wjl/SzJ	stRNA_Seq
TM00302	LG1306aF130P0	xenograft	0	NOD.Cg-Prkdcscid Il2rgtm1Wjl/SzJ	RNA_Seq
TM01612	TM01612F464P0001P1	xenograft	1	NOD.Cg-Prkdcscid Il2rgtm1Wjl/SzJ	stRNA_Seq
TM00213	LG0997F1574P0	xenograft	0	NOD.Cg-Prkdcscid Il2rgtm1Wjl/SzJ	hu133
TM00368	LY0055F667P3020	xenograft	3	NOD.Cg-Prkdcscid Il2rgtm1Wjl/SzJ	RNA_Seq
J000104096	J000107893	xenograft	1	NOD.Cg-Prkdcscid Il2rgtm1Wjl/SzJ	stRNA_Seq
TM00921	LG1348F198P0000P1012P2	xenograft	2	NOD.Cg-Prkdcscid Il2rgtm1Wjl/SzJ	stRNA_Seq
TM01031	LG1502FPT	xenograft	1	NOD.Cg-Prkdcscid Il2rgtm1Wjl/SzJ	RNA_Seq
J000106543	DFAB-13653-V1	xenograft	1	NOD.Cg-Prkdcscid Il2rgtm1Wjl/SzJ	RNA_Seq
TM01048	CN1641F116P0147P1	xenograft	1	NOD.Cg-Prkdcscid Il2rgtm1Wjl/SzJ	RNA_Seq
TM00188	LG0520F433P0	xenograft	0	NOD.Cg-Prkdcscid Il2rgtm1Wjl/SzJ	hg10st
TM00368	LY0055F667P3020	xenograft	3	NOD.Cg-Prkdcscid Il2rgtm1Wjl/SzJ	stRNA_Seq
TM00884	LG0937F309P0	xenograft	0	NOD.Cg-Prkdcscid Il2rgtm1Wjl/SzJ	hu133
TM00001	SA0350F605P0	xenograft	0	NOD.Cg-Prkdcscid Il2rgtm1Wjl/SzJ	hg10st
TM00026	BL0479F1894P0	xenograft	0	NOD.Cg-Prkdcscid Il2rgtm1Wjl/SzJ	hu133
TM00113	BR1180F160P0472P1	xenograft	1	NOD.Cg-Prkdcscid Il2rgtm1Wjl/SzJ	RNA_Seq
TM00999	BR1240F002P0	xenograft	0	NOD.Cg-Prkdcscid Il2rgtm1Wjl/SzJ	hu133
TM00386	BR0555F294P0014P1000P2017P3	xenograft	3	NOD.Cg-Prkdcscid Il2rgtm1Wjl/SzJ	stRNA_Seq
J000111644	J000115123	xenograft	1	NOD.Cg-Prkdcscid Il2rgtm1Wjl/SzJ	stRNA_Seq
J000101220	J000104075	xenograft	1	NOD.Cg-Prkdcscid Il2rgtm1Wjl/SzJ	RNA_Seq
J000104117	J000104828	xenograft	1	NOD.Cg-Prkdcscid Il2rgtm1Wjl/SzJ	stRNA_Seq
J000093555	J000095195	xenograft	0	NOD.Cg-Prkdcscid Il2rgtm1Wjl/SzJ	RNA_Seq