model_id	host_strain_name	host_strain_nomenclature	engraftment_site	engraftment_type	sample_type	sample_state	passage_number	publications
TM00037	NSG(NOD scid gamma)	NOD.Cg-Prkdcscid Il2rgtm1Wjl/SzJ	Not Specified	Heterotopic	Not Specified	Not Specified	1	26270481
TM00279	NSG(NOD scid gamma)	NOD.Cg-Prkdcscid Il2rgtm1Wjl/SzJ	Not Specified	Heterotopic	Surgical resection (fragment)	Not Specified	1	
TM01127	NSG(NOD scid gamma)	NOD.Cg-Prkdcscid Il2rgtm1Wjl/SzJ	Not Specified	Heterotopic	Surgical resection (fragment)	Not Specified	1	
TM01007	NSG(NOD scid gamma)	NOD.Cg-Prkdcscid Il2rgtm1Wjl/SzJ	Not Specified	Heterotopic	Surgical resection (fragment)	Not Specified	1	
TM01002	NSG(NOD scid gamma)	NOD.Cg-Prkdcscid Il2rgtm1Wjl/SzJ	Not Specified	Heterotopic	Surgical resection (fragment)	Not Specified	1	26270481
TM01244	NSG(NOD scid gamma)	NOD.Cg-Prkdcscid Il2rgtm1Wjl/SzJ	Not Specified	Heterotopic	Surgical resection (fragment)	Not Specified	1	
TM01245	NSG(NOD scid gamma)	NOD.Cg-Prkdcscid Il2rgtm1Wjl/SzJ	Not Specified	Heterotopic	Surgical resection (fragment)	Not Specified	1	
TM00039	NSG(NOD scid gamma)	NOD.Cg-Prkdcscid Il2rgtm1Wjl/SzJ	Not Specified	Heterotopic	Surgical resection (fragment)	Not Specified	1	
TM01125	NSG(NOD scid gamma)	NOD.Cg-Prkdcscid Il2rgtm1Wjl/SzJ	Not Specified	Heterotopic	Surgical resection (fragment)	Not Specified	1	
TM01120	NSG(NOD scid gamma)	NOD.Cg-Prkdcscid Il2rgtm1Wjl/SzJ	Not Specified	Heterotopic	Not Specified	Not Specified	1	
TM01121	NSG(NOD scid gamma)	NOD.Cg-Prkdcscid Il2rgtm1Wjl/SzJ	Not Specified	Heterotopic	Surgical resection (fragment)	Not Specified	1	
TM01243	NSG(NOD scid gamma)	NOD.Cg-Prkdcscid Il2rgtm1Wjl/SzJ	Not Specified	Heterotopic	Surgical resection (fragment)	Not Specified	1	
TM00274	NSG(NOD scid gamma)	NOD.Cg-Prkdcscid Il2rgtm1Wjl/SzJ	Not Specified	Heterotopic	Surgical resection (fragment)	Not Specified	1	
TM01360	NSG(NOD scid gamma)	NOD.Cg-Prkdcscid Il2rgtm1Wjl/SzJ	Not Specified	Heterotopic	Surgical resection (fragment)	Not Specified	1	
TM00026	NSG(NOD scid gamma)	NOD.Cg-Prkdcscid Il2rgtm1Wjl/SzJ	Not Specified	Heterotopic	Surgical resection (fragment)	Not Specified	1	26270481
TM01237	NSG(NOD scid gamma)	NOD.Cg-Prkdcscid Il2rgtm1Wjl/SzJ	Not Specified	Heterotopic	Not Specified	Not Specified	1	
TM01479	NSG(NOD scid gamma)	NOD.Cg-Prkdcscid Il2rgtm1Wjl/SzJ	Not Specified	Heterotopic	Fine needle aspirate	Not Specified	1	
TM00025	NSG(NOD scid gamma)	NOD.Cg-Prkdcscid Il2rgtm1Wjl/SzJ	Not Specified	Heterotopic	Surgical resection (fragment)	Not Specified	1	26270481
TM00388	NSG(NOD scid gamma)	NOD.Cg-Prkdcscid Il2rgtm1Wjl/SzJ	Not Specified	Heterotopic	Surgical resection (fragment)	Not Specified	1	
TM01117	NSG(NOD scid gamma)	NOD.Cg-Prkdcscid Il2rgtm1Wjl/SzJ	Not Specified	Heterotopic	Surgical resection (fragment)	Not Specified	1	
TM00024	NSG(NOD scid gamma)	NOD.Cg-Prkdcscid Il2rgtm1Wjl/SzJ	Not Specified	Heterotopic	Surgical resection (fragment)	Not Specified	1	26270481
TM00387	NSG(NOD scid gamma)	NOD.Cg-Prkdcscid Il2rgtm1Wjl/SzJ	Right Flank	Heterotopic	Lavage	Not Specified	1	
TM01239	NSG(NOD scid gamma)	NOD.Cg-Prkdcscid Il2rgtm1Wjl/SzJ	Not Specified	Heterotopic	Biopsy (type unspecified)	Not Specified	1	
TM00023	NSG(NOD scid gamma)	NOD.Cg-Prkdcscid Il2rgtm1Wjl/SzJ	Not Specified	Heterotopic	Surgical resection (fragment)	Not Specified	1	26270481
TM00386	NSG(NOD scid gamma)	NOD.Cg-Prkdcscid Il2rgtm1Wjl/SzJ	Not Specified	Heterotopic	Surgical resection (fragment)	Not Specified	1	
TM01119	NSG(NOD scid gamma)	NOD.Cg-Prkdcscid Il2rgtm1Wjl/SzJ	Not Specified	Heterotopic	Surgical resection (fragment)	Not Specified	1	
TM01354	NSG(NOD scid gamma)	NOD.Cg-Prkdcscid Il2rgtm1Wjl/SzJ	Not Specified	Heterotopic	Not Specified	Not Specified	1	
TM01234	NSG(NOD scid gamma)	NOD.Cg-Prkdcscid Il2rgtm1Wjl/SzJ	Not Specified	Heterotopic	Surgical resection (fragment)	Not Specified	1	
TM01355	NSG(NOD scid gamma)	NOD.Cg-Prkdcscid Il2rgtm1Wjl/SzJ	Not Specified	Heterotopic	Not Specified	Not Specified	1	
TM01357	NSG(NOD scid gamma)	NOD.Cg-Prkdcscid Il2rgtm1Wjl/SzJ	Not Specified	Heterotopic	Surgical resection (fragment)	Not Specified	1	
TM00381	NSG(NOD scid gamma)	NOD.Cg-Prkdcscid Il2rgtm1Wjl/SzJ	Not Specified	Heterotopic	Surgical resection (fragment)	Not Specified	1	
TM01231	NSG(NOD scid gamma)	NOD.Cg-Prkdcscid Il2rgtm1Wjl/SzJ	Not Specified	Heterotopic	Surgical resection (fragment)	Not Specified	1	
TM01594	NSG(NOD scid gamma)	NOD.Cg-Prkdcscid Il2rgtm1Wjl/SzJ	Right Flank	Heterotopic	Surgical resection (fragment)	Not Specified	1	
TM01353	NSG(NOD scid gamma)	NOD.Cg-Prkdcscid Il2rgtm1Wjl/SzJ	Right Flank	Heterotopic	Surgical resection (fragment)	Not Specified	1	
TM00022	NSG(NOD scid gamma)	NOD.Cg-Prkdcscid Il2rgtm1Wjl/SzJ	Not Specified	Heterotopic	Surgical resection (fragment)	Not Specified	1	26270481
TM00385	NSG(NOD scid gamma)	NOD.Cg-Prkdcscid Il2rgtm1Wjl/SzJ	Not Specified	Heterotopic	Core needle biopsy	Not Specified	1	29431699
TM00263	NSG(NOD scid gamma)	NOD.Cg-Prkdcscid Il2rgtm1Wjl/SzJ	Not Specified	Heterotopic	Surgical resection (fragment)	Not Specified	1	
TM00020	NSG(NOD scid gamma)	NOD.Cg-Prkdcscid Il2rgtm1Wjl/SzJ	Not Specified	Heterotopic	Surgical resection (fragment)	Not Specified	1	26270481
J000106568	NSG(NOD scid gamma)	NOD.Cg-Prkdcscid Il2rgtm1Wjl/SzJ	Not Specified	Heterotopic	Surgical resection (fragment)	Not Specified	1	
J000106569	NSG(NOD scid gamma)	NOD.Cg-Prkdcscid Il2rgtm1Wjl/SzJ	Not Specified	Heterotopic	Biopsy (type unspecified)	Not Specified	1	
J000106566	NSG(NOD scid gamma)	NOD.Cg-Prkdcscid Il2rgtm1Wjl/SzJ	Not Specified	Heterotopic	Bone marrow aspirate	Not Specified	1	
J000106567	NSG(NOD scid gamma)	NOD.Cg-Prkdcscid Il2rgtm1Wjl/SzJ	Not Specified	Heterotopic	Bone marrow aspirate	Not Specified	1	
J000106564	NSG(NOD scid gamma)	NOD.Cg-Prkdcscid Il2rgtm1Wjl/SzJ	Not Specified	Heterotopic	Bone marrow aspirate	Not Specified	1	
J000106565	NSG(NOD scid gamma)	NOD.Cg-Prkdcscid Il2rgtm1Wjl/SzJ	Not Specified	Heterotopic	Bone marrow aspirate	Not Specified	1	
J000106562	NSG(NOD scid gamma)	NOD.Cg-Prkdcscid Il2rgtm1Wjl/SzJ	Not Specified	Heterotopic	Bone marrow aspirate	Not Specified	1	
J000106563	NSG(NOD scid gamma)	NOD.Cg-Prkdcscid Il2rgtm1Wjl/SzJ	Not Specified	Heterotopic	Bone marrow aspirate	Not Specified	1	
TM01149	NSG(NOD scid gamma)	NOD.Cg-Prkdcscid Il2rgtm1Wjl/SzJ	Not Specified	Heterotopic	Surgical resection (fragment)	Not Specified	1	
J000106571	NSG(NOD scid gamma)	NOD.Cg-Prkdcscid Il2rgtm1Wjl/SzJ	Not Specified	Heterotopic	Peripheral blood	Not Specified	1	
TM00058	NSG(NOD scid gamma)	NOD.Cg-Prkdcscid Il2rgtm1Wjl/SzJ	Not Specified	Heterotopic	Not Specified	Not Specified	1	
TM01029	NSG(NOD scid gamma)	NOD.Cg-Prkdcscid Il2rgtm1Wjl/SzJ	Not Specified	Heterotopic	Surgical resection (fragment)	Not Specified	1	
J000106572	NSG(NOD scid gamma)	NOD.Cg-Prkdcscid Il2rgtm1Wjl/SzJ	Not Specified	Heterotopic	Peripheral blood	Not Specified	1	
TM00057	NSG(NOD scid gamma)	NOD.Cg-Prkdcscid Il2rgtm1Wjl/SzJ	Not Specified	Heterotopic	Not Specified	Not Specified	1	
TM00298	NSG(NOD scid gamma)	NOD.Cg-Prkdcscid Il2rgtm1Wjl/SzJ	Not Specified	Heterotopic	Surgical resection (fragment)	Not Specified	1	
J000106570	NSG(NOD scid gamma)	NOD.Cg-Prkdcscid Il2rgtm1Wjl/SzJ	Not Specified	Heterotopic	Bone marrow aspirate	Not Specified	1	
J000094290	NSG(NOD scid gamma)	NOD.Cg-Prkdcscid Il2rgtm1Wjl/SzJ	Right Flank	Heterotopic	Surgical resection (fragment)	Not Specified	1	
TM01145	NSG(NOD scid gamma)	NOD.Cg-Prkdcscid Il2rgtm1Wjl/SzJ	Not Specified	Heterotopic	Surgical resection (fragment)	Not Specified	1	
TM01267	NSG(NOD scid gamma)	NOD.Cg-Prkdcscid Il2rgtm1Wjl/SzJ	Not Specified	Heterotopic	Biopsy (type unspecified)	Not Specified	1	
TM01148	NSG(NOD scid gamma)	NOD.Cg-Prkdcscid Il2rgtm1Wjl/SzJ	Not Specified	Heterotopic	Not Specified	Not Specified	1	
TM00051	NSG(NOD scid gamma)	NOD.Cg-Prkdcscid Il2rgtm1Wjl/SzJ	Not Specified	Heterotopic	Not Specified	Not Specified	1	
TM01141	NSG(NOD scid gamma)	NOD.Cg-Prkdcscid Il2rgtm1Wjl/SzJ	Not Specified	Heterotopic	Not Specified	Not Specified	1	
TM00292	NSG(NOD scid gamma)	NOD.Cg-Prkdcscid Il2rgtm1Wjl/SzJ	Not Specified	Heterotopic	Fine needle aspirate	Not Specified	1	
TM01263	NSG(NOD scid gamma)	NOD.Cg-Prkdcscid Il2rgtm1Wjl/SzJ	Not Specified	Heterotopic	Not Specified	Not Specified	1	
TM00170	NSG(NOD scid gamma)	NOD.Cg-Prkdcscid Il2rgtm1Wjl/SzJ	Not Specified	Heterotopic	Surgical resection (fragment)	Not Specified	1	
TM01264	NSG(NOD scid gamma)	NOD.Cg-Prkdcscid Il2rgtm1Wjl/SzJ	Not Specified	Heterotopic	Surgical resection (fragment)	Not Specified	1	
TM01386	NSG(NOD scid gamma)	NOD.Cg-Prkdcscid Il2rgtm1Wjl/SzJ	Not Specified	Heterotopic	Surgical resection (fragment)	Not Specified	1	
TM01144	NSG(NOD scid gamma)	NOD.Cg-Prkdcscid Il2rgtm1Wjl/SzJ	Not Specified	Heterotopic	Surgical resection (fragment)	Not Specified	1	
TM00176	NSG(NOD scid gamma)	NOD.Cg-Prkdcscid Il2rgtm1Wjl/SzJ	Not Specified	Heterotopic	Core needle biopsy	Not Specified	1	
TM00053	NSG(NOD scid gamma)	NOD.Cg-Prkdcscid Il2rgtm1Wjl/SzJ	Not Specified	Heterotopic	Not Specified	Not Specified	1	26846818
J000117591	NSG(NOD scid gamma)	NOD.Cg-Prkdcscid Il2rgtm1Wjl/SzJ	Right Flank	Heterotopic	Surgical resection (fragment)	Not Specified	1	
J000117590	NSG(NOD scid gamma)	NOD.Cg-Prkdcscid Il2rgtm1Wjl/SzJ	Right Flank	Heterotopic	Surgical resection (fragment)	Not Specified	1	
J000105006	NSG(NOD scid gamma)	NOD.Cg-Prkdcscid Il2rgtm1Wjl/SzJ	Right Flank	Heterotopic	Surgical resection (fragment)	Not Specified	1	
J000106573	NSG(NOD scid gamma)	NOD.Cg-Prkdcscid Il2rgtm1Wjl/SzJ	Not Specified	Heterotopic	Peripheral blood	Not Specified	1	
J000106574	NSG(NOD scid gamma)	NOD.Cg-Prkdcscid Il2rgtm1Wjl/SzJ	Not Specified	Heterotopic	Peripheral blood	Not Specified	1	
TM00047	NSG(NOD scid gamma)	NOD.Cg-Prkdcscid Il2rgtm1Wjl/SzJ	Not Specified	Heterotopic	Not Specified	Not Specified	1	
J000099873	NSG(NOD scid gamma)	NOD.Cg-Prkdcscid Il2rgtm1Wjl/SzJ	Right Flank	Heterotopic	Surgical resection (fragment)	Not Specified	1	
TM01014	NSG(NOD scid gamma)	NOD.Cg-Prkdcscid Il2rgtm1Wjl/SzJ	Not Specified	Heterotopic	Surgical resection (fragment)	Not Specified	1	
TM01135	NSG(NOD scid gamma)	NOD.Cg-Prkdcscid Il2rgtm1Wjl/SzJ	Not Specified	Heterotopic	Not Specified	Not Specified	1	
TM01498	NSG(NOD scid gamma)	NOD.Cg-Prkdcscid Il2rgtm1Wjl/SzJ	Not Specified	Heterotopic	Surgical resection (fragment)	Not Specified	1	
J000099999	NSG(NOD scid gamma)	NOD.Cg-Prkdcscid Il2rgtm1Wjl/SzJ	Right Flank	Heterotopic	Surgical resection (fragment)	Not Specified	1	
TM01137	NSG(NOD scid gamma)	NOD.Cg-Prkdcscid Il2rgtm1Wjl/SzJ	Not Specified	Heterotopic	Surgical resection (fragment)	Not Specified	1	
TM01258	NSG(NOD scid gamma)	NOD.Cg-Prkdcscid Il2rgtm1Wjl/SzJ	Not Specified	Heterotopic	Surgical resection (fragment)	Not Specified	1	
TM00282	NSG(NOD scid gamma)	NOD.Cg-Prkdcscid Il2rgtm1Wjl/SzJ	Not Specified	Heterotopic	Surgical resection (fragment)	Not Specified	1	
TM01130	NSG(NOD scid gamma)	NOD.Cg-Prkdcscid Il2rgtm1Wjl/SzJ	Not Specified	Heterotopic	Surgical resection (fragment)	Not Specified	1	
TM01373	NSG(NOD scid gamma)	NOD.Cg-Prkdcscid Il2rgtm1Wjl/SzJ	Not Specified	Heterotopic	Core needle biopsy	Not Specified	1	
TM00165	NSG(NOD scid gamma)	NOD.Cg-Prkdcscid Il2rgtm1Wjl/SzJ	Not Specified	Heterotopic	Core needle biopsy	Not Specified	1	
TM00164	NSG(NOD scid gamma)	NOD.Cg-Prkdcscid Il2rgtm1Wjl/SzJ	Not Specified	Heterotopic	Surgical resection (fragment)	Not Specified	1	
TM00229	NSG(NOD scid gamma)	NOD.Cg-Prkdcscid Il2rgtm1Wjl/SzJ	Not Specified	Heterotopic	Surgical resection (fragment)	Not Specified	1	
J000102184	NSG(NOD scid gamma)	NOD.Cg-Prkdcscid Il2rgtm1Wjl/SzJ	Right Flank	Heterotopic	Surgical resection (fragment)	Not Specified	1	
J000106542	NSG(NOD scid gamma)	NOD.Cg-Prkdcscid Il2rgtm1Wjl/SzJ	Not Specified	Heterotopic	Bone marrow aspirate	Not Specified	1	
J000106543	NSG(NOD scid gamma)	NOD.Cg-Prkdcscid Il2rgtm1Wjl/SzJ	Not Specified	Heterotopic	Bone marrow aspirate	Not Specified	1	
J000106541	NSG(NOD scid gamma)	NOD.Cg-Prkdcscid Il2rgtm1Wjl/SzJ	Not Specified	Heterotopic	Bone marrow aspirate	Not Specified	1	
TM00356	NSG(NOD scid gamma)	NOD.Cg-Prkdcscid Il2rgtm1Wjl/SzJ	Not Specified	Heterotopic	Fine needle aspirate	Not Specified	1	
TM01325	NSG(NOD scid gamma)	NOD.Cg-Prkdcscid Il2rgtm1Wjl/SzJ	Not Specified	Heterotopic	Surgical resection (fragment)	Not Specified	1	
TM01446	NSG(NOD scid gamma)	NOD.Cg-Prkdcscid Il2rgtm1Wjl/SzJ	Right Flank	Heterotopic	Biopsy (type unspecified)	Not Specified	1	
TM00113	NSG(NOD scid gamma)	NOD.Cg-Prkdcscid Il2rgtm1Wjl/SzJ	Not Specified	Heterotopic	Surgical resection (fragment)	Not Specified	1	
TM00355	NSG(NOD scid gamma)	NOD.Cg-Prkdcscid Il2rgtm1Wjl/SzJ	Not Specified	Heterotopic	Surgical resection (fragment)	Not Specified	1	
TM00112	NSG(NOD scid gamma)	NOD.Cg-Prkdcscid Il2rgtm1Wjl/SzJ	Not Specified	Heterotopic	Surgical resection (fragment)	Not Specified	1	
TM00233	NSG(NOD scid gamma)	NOD.Cg-Prkdcscid Il2rgtm1Wjl/SzJ	Not Specified	Heterotopic	Surgical resection (fragment)	Not Specified	1	
TM01448	NSG(NOD scid gamma)	NOD.Cg-Prkdcscid Il2rgtm1Wjl/SzJ	Not Specified	Heterotopic	Surgical resection (fragment)	Not Specified	1	
TM01569	NSG(NOD scid gamma)	NOD.Cg-Prkdcscid Il2rgtm1Wjl/SzJ	Left Flank	Heterotopic	Surgical resection (fragment)	Not Specified	1	
TM01442	NSG(NOD scid gamma)	NOD.Cg-Prkdcscid Il2rgtm1Wjl/SzJ	Not Specified	Heterotopic	Surgical resection (fragment)	Not Specified	1	
J000096652	NSG(NOD scid gamma)	NOD.Cg-Prkdcscid Il2rgtm1Wjl/SzJ	Right Flank	Heterotopic	Surgical resection (fragment)	Not Specified	1	
TM01563	NSG(NOD scid gamma)	NOD.Cg-Prkdcscid Il2rgtm1Wjl/SzJ	Right Flank	Heterotopic	Surgical resection (fragment)	Not Specified	1	
TM01443	NSG(NOD scid gamma)	NOD.Cg-Prkdcscid Il2rgtm1Wjl/SzJ	Not Specified	Heterotopic	Surgical resection (fragment)	Not Specified	1	
TM01565	NSG(NOD scid gamma)	NOD.Cg-Prkdcscid Il2rgtm1Wjl/SzJ	Left Flank	Heterotopic	Surgical resection (fragment)	Not Specified	1	
J000096896	NSG(NOD scid gamma)	NOD.Cg-Prkdcscid Il2rgtm1Wjl/SzJ	Not Specified	Heterotopic	Peripheral blood	Not Specified	1	
J000077973	NSG(NOD scid gamma)	NOD.Cg-Prkdcscid Il2rgtm1Wjl/SzJ	Right Flank	Heterotopic	Surgical resection (fragment)	Not Specified	1	
TM01441	NSG(NOD scid gamma)	NOD.Cg-Prkdcscid Il2rgtm1Wjl/SzJ	Not Specified	Heterotopic	Not Specified	Not Specified	1	
TM00231	NSG(NOD scid gamma)	NOD.Cg-Prkdcscid Il2rgtm1Wjl/SzJ	Not Specified	Heterotopic	Surgical resection (fragment)	Not Specified	1	
TM00352	NSG(NOD scid gamma)	NOD.Cg-Prkdcscid Il2rgtm1Wjl/SzJ	Not Specified	Heterotopic	Surgical resection (fragment)	Not Specified	1	
TM00351	NSG(NOD scid gamma)	NOD.Cg-Prkdcscid Il2rgtm1Wjl/SzJ	Not Specified	Heterotopic	Surgical resection (fragment)	Not Specified	1	
J000077608	NSG(NOD scid gamma)	NOD.Cg-Prkdcscid Il2rgtm1Wjl/SzJ	Right Flank	Heterotopic	Surgical resection (fragment)	Not Specified	1	
J000104256	NSG(NOD scid gamma)	NOD.Cg-Prkdcscid Il2rgtm1Wjl/SzJ	Right Flank	Heterotopic	Surgical resection (fragment)	Not Specified	1	
TM00219	NSG(NOD scid gamma)	NOD.Cg-Prkdcscid Il2rgtm1Wjl/SzJ	Not Specified	Heterotopic	Fine needle aspirate	Not Specified	1	
TM00339	NSG(NOD scid gamma)	NOD.Cg-Prkdcscid Il2rgtm1Wjl/SzJ	Not Specified	Heterotopic	Surgical resection (fragment)	Not Specified	1	
TM00103	NSG(NOD scid gamma)	NOD.Cg-Prkdcscid Il2rgtm1Wjl/SzJ	Not Specified	Heterotopic	Biopsy (type unspecified)	Not Specified	1	
TM00345	NSG(NOD scid gamma)	NOD.Cg-Prkdcscid Il2rgtm1Wjl/SzJ	Not Specified	Heterotopic	Surgical resection (fragment)	Not Specified	1	
J000106560	NSG(NOD scid gamma)	NOD.Cg-Prkdcscid Il2rgtm1Wjl/SzJ	Right Flank	Heterotopic	Surgical resection (fragment)	Not Specified	1	
J000108981	NSG(NOD scid gamma)	NOD.Cg-Prkdcscid Il2rgtm1Wjl/SzJ	Right Flank	Heterotopic	Surgical resection (fragment)	Not Specified	1	
TM01557	NSG(NOD scid gamma)	NOD.Cg-Prkdcscid Il2rgtm1Wjl/SzJ	Right Flank	Heterotopic	Not Specified	Not Specified	1	
J000106561	NSG(NOD scid gamma)	NOD.Cg-Prkdcscid Il2rgtm1Wjl/SzJ	Not Specified	Heterotopic	Not Specified	Not Specified	1	
TM00222	NSG(NOD scid gamma)	NOD.Cg-Prkdcscid Il2rgtm1Wjl/SzJ	Not Specified	Heterotopic	Surgical resection (fragment)	Not Specified	1	
TM00107	NSG(NOD scid gamma)	NOD.Cg-Prkdcscid Il2rgtm1Wjl/SzJ	Not Specified	Heterotopic	Surgical resection (fragment)	Not Specified	1	
TM00228	NSG(NOD scid gamma)	NOD.Cg-Prkdcscid Il2rgtm1Wjl/SzJ	Not Specified	Heterotopic	Surgical resection (fragment)	Not Specified	1	
J000077960	NSG(NOD scid gamma)	NOD.Cg-Prkdcscid Il2rgtm1Wjl/SzJ	Right Flank	Heterotopic	Surgical resection (fragment)	Not Specified	1	
TM00226	NSG(NOD scid gamma)	NOD.Cg-Prkdcscid Il2rgtm1Wjl/SzJ	Not Specified	Heterotopic	Surgical resection (fragment)	Not Specified	1	
TM01555	NSG(NOD scid gamma)	NOD.Cg-Prkdcscid Il2rgtm1Wjl/SzJ	Right Flank	Heterotopic	Surgical resection (fragment)	Not Specified	1	
J000116474	NSG(NOD scid gamma)	NOD.Cg-Prkdcscid Il2rgtm1Wjl/SzJ	Mammary Fat Pad	Heterotopic	Surgical resection (fragment)	Not Specified	1	
J000106528	NSG(NOD scid gamma)	NOD.Cg-Prkdcscid Il2rgtm1Wjl/SzJ	Mammary Fat Pad	Orthotopic	Biopsy (type unspecified)	Not Specified	1	
J000106529	NSG(NOD scid gamma)	NOD.Cg-Prkdcscid Il2rgtm1Wjl/SzJ	Mammary Fat Pad	Orthotopic	Surgical resection (fragment)	Not Specified	1	
J000106526	NSG(NOD scid gamma)	NOD.Cg-Prkdcscid Il2rgtm1Wjl/SzJ	Mammary Fat Pad	Orthotopic	Biopsy (type unspecified)	Not Specified	1	
J000106527	NSG(NOD scid gamma)	NOD.Cg-Prkdcscid Il2rgtm1Wjl/SzJ	Mammary Fat Pad	Orthotopic	Surgical resection (fragment)	Not Specified	1	
J000099706	NSG(NOD scid gamma)	NOD.Cg-Prkdcscid Il2rgtm1Wjl/SzJ	Right Flank	Heterotopic	Surgical resection (fragment)	Not Specified	1	
TM00015	NSG(NOD scid gamma)	NOD.Cg-Prkdcscid Il2rgtm1Wjl/SzJ	Not Specified	Heterotopic	Surgical resection (fragment)	Not Specified	1	26270481
TM00136	NSG(NOD scid gamma)	NOD.Cg-Prkdcscid Il2rgtm1Wjl/SzJ	Not Specified	Heterotopic	Surgical resection (fragment)	Not Specified	1	
TM00135	NSG(NOD scid gamma)	NOD.Cg-Prkdcscid Il2rgtm1Wjl/SzJ	Not Specified	Heterotopic	Surgical resection (fragment)	Not Specified	1	
TM00256	NSG(NOD scid gamma)	NOD.Cg-Prkdcscid Il2rgtm1Wjl/SzJ	Not Specified	Heterotopic	Surgical resection (fragment)	Not Specified	1	
TM01348	NSG(NOD scid gamma)	NOD.Cg-Prkdcscid Il2rgtm1Wjl/SzJ	Not Specified	Heterotopic	Not Specified	Not Specified	1	
TM00013	NSG(NOD scid gamma)	NOD.Cg-Prkdcscid Il2rgtm1Wjl/SzJ	Not Specified	Heterotopic	Not Specified	Not Specified	1	
TM00134	NSG(NOD scid gamma)	NOD.Cg-Prkdcscid Il2rgtm1Wjl/SzJ	Not Specified	Heterotopic	Surgical resection (fragment)	Not Specified	1	
TM00376	NSG(NOD scid gamma)	NOD.Cg-Prkdcscid Il2rgtm1Wjl/SzJ	Not Specified	Heterotopic	Surgical resection (fragment)	Not Specified	1	
TM00375	NSG(NOD scid gamma)	NOD.Cg-Prkdcscid Il2rgtm1Wjl/SzJ	Not Specified	Heterotopic	Biopsy (type unspecified)	Not Specified	1	
TM01464	NSG(NOD scid gamma)	NOD.Cg-Prkdcscid Il2rgtm1Wjl/SzJ	Not Specified	Heterotopic	Surgical resection (fragment)	Not Specified	1	
TM00139	NSG(NOD scid gamma)	NOD.Cg-Prkdcscid Il2rgtm1Wjl/SzJ	Not Specified	Heterotopic	Surgical resection (fragment)	Not Specified	1	
TM01344	NSG(NOD scid gamma)	NOD.Cg-Prkdcscid Il2rgtm1Wjl/SzJ	Not Specified	Heterotopic	Surgical resection (fragment)	Not Specified	1	
TM00259	NSG(NOD scid gamma)	NOD.Cg-Prkdcscid Il2rgtm1Wjl/SzJ	Not Specified	Heterotopic	Core needle biopsy	Not Specified	1	
TM00016	NSG(NOD scid gamma)	NOD.Cg-Prkdcscid Il2rgtm1Wjl/SzJ	Not Specified	Heterotopic	Surgical resection (fragment)	Not Specified	1	26270481
TM00137	NSG(NOD scid gamma)	NOD.Cg-Prkdcscid Il2rgtm1Wjl/SzJ	Not Specified	Heterotopic	Surgical resection (fragment)	Not Specified	1	
TM01225	NSG(NOD scid gamma)	NOD.Cg-Prkdcscid Il2rgtm1Wjl/SzJ	Not Specified	Heterotopic	Surgical resection (fragment)	Not Specified	1	
TM01346	NSG(NOD scid gamma)	NOD.Cg-Prkdcscid Il2rgtm1Wjl/SzJ	Not Specified	Heterotopic	Surgical resection (fragment)	Not Specified	1	
TM01340	NSG(NOD scid gamma)	NOD.Cg-Prkdcscid Il2rgtm1Wjl/SzJ	Not Specified	Heterotopic	Surgical resection (fragment)	Not Specified	1	
TM01462	NSG(NOD scid gamma)	NOD.Cg-Prkdcscid Il2rgtm1Wjl/SzJ	Not Specified	Heterotopic	Not Specified	Not Specified	1	
TM01220	NSG(NOD scid gamma)	NOD.Cg-Prkdcscid Il2rgtm1Wjl/SzJ	Not Specified	Heterotopic	Surgical resection (fragment)	Not Specified	1	
TM01341	NSG(NOD scid gamma)	NOD.Cg-Prkdcscid Il2rgtm1Wjl/SzJ	Not Specified	Heterotopic	Surgical resection (fragment)	Not Specified	1	
TM01100	NSG(NOD scid gamma)	NOD.Cg-Prkdcscid Il2rgtm1Wjl/SzJ	Not Specified	Heterotopic	Biopsy (type unspecified)	Not Specified	1	
TM00253	NSG(NOD scid gamma)	NOD.Cg-Prkdcscid Il2rgtm1Wjl/SzJ	Not Specified	Heterotopic	Biopsy (type unspecified)	Not Specified	1	
J000104117	NSG(NOD scid gamma)	NOD.Cg-Prkdcscid Il2rgtm1Wjl/SzJ	Right Flank	Heterotopic	Biopsy (type unspecified)	Not Specified	1	
J000106535	NSG(NOD scid gamma)	NOD.Cg-Prkdcscid Il2rgtm1Wjl/SzJ	Right Flank	Heterotopic	Biopsy (type unspecified)	Not Specified	1	
J000106536	NSG(NOD scid gamma)	NOD.Cg-Prkdcscid Il2rgtm1Wjl/SzJ	Mammary Fat Pad	Heterotopic	Biopsy (type unspecified)	Not Specified	1	
J000106533	NSG(NOD scid gamma)	NOD.Cg-Prkdcscid Il2rgtm1Wjl/SzJ	Mammary Fat Pad	Orthotopic	Biopsy (type unspecified)	Not Specified	1	
J000106534	NSG(NOD scid gamma)	NOD.Cg-Prkdcscid Il2rgtm1Wjl/SzJ	Mammary Fat Pad	Orthotopic	Surgical resection (fragment)	Not Specified	1	
J000106531	NSG(NOD scid gamma)	NOD.Cg-Prkdcscid Il2rgtm1Wjl/SzJ	Mammary Fat Pad	Orthotopic	Biopsy (type unspecified)	Not Specified	1	
J000106532	NSG(NOD scid gamma)	NOD.Cg-Prkdcscid Il2rgtm1Wjl/SzJ	Mammary Fat Pad	Heterotopic	Biopsy (type unspecified)	Not Specified	1	
J000105561	NSG(NOD scid gamma)	NOD.Cg-Prkdcscid Il2rgtm1Wjl/SzJ	Right Flank	Heterotopic	Core needle biopsy	Not Specified	1	
TM00246	NSG(NOD scid gamma)	NOD.Cg-Prkdcscid Il2rgtm1Wjl/SzJ	Not Specified	Heterotopic	Surgical resection (fragment)	Not Specified	1	
TM01215	NSG(NOD scid gamma)	NOD.Cg-Prkdcscid Il2rgtm1Wjl/SzJ	Not Specified	Heterotopic	Surgical resection (fragment)	Not Specified	1	
TM01457	NSG(NOD scid gamma)	NOD.Cg-Prkdcscid Il2rgtm1Wjl/SzJ	Not Specified	Heterotopic	Surgical resection (fragment)	Not Specified	1	
TM01578	NSG(NOD scid gamma)	NOD.Cg-Prkdcscid Il2rgtm1Wjl/SzJ	Right Flank	Heterotopic	Surgical resection (fragment)	Not Specified	1	
TM00244	NSG(NOD scid gamma)	NOD.Cg-Prkdcscid Il2rgtm1Wjl/SzJ	Not Specified	Heterotopic	Surgical resection (fragment)	Not Specified	1	
TM00001	NSG(NOD scid gamma)	NOD.Cg-Prkdcscid Il2rgtm1Wjl/SzJ	Not Specified	Heterotopic	Surgical resection (fragment)	Not Specified	1	
TM01212	NSG(NOD scid gamma)	NOD.Cg-Prkdcscid Il2rgtm1Wjl/SzJ	Not Specified	Heterotopic	Not Specified	Not Specified	1	
TM00368	NSG(NOD scid gamma)	NOD.Cg-Prkdcscid Il2rgtm1Wjl/SzJ	Not Specified	Heterotopic	Biopsy (type unspecified)	Not Specified	1	
TM01571	NSG(NOD scid gamma)	NOD.Cg-Prkdcscid Il2rgtm1Wjl/SzJ	Right Flank	Heterotopic	Surgical resection (fragment)	Not Specified	1	
J000117541	NSG(NOD scid gamma)	NOD.Cg-Prkdcscid Il2rgtm1Wjl/SzJ	Right Flank	Heterotopic	Other	Not Specified	1	
J000117663	NSG(NOD scid gamma)	NOD.Cg-Prkdcscid Il2rgtm1Wjl/SzJ	Right Flank	Heterotopic	Surgical resection (fragment)	Not Specified	1	
TM00360	NSG(NOD scid gamma)	NOD.Cg-Prkdcscid Il2rgtm1Wjl/SzJ	Not Specified	Heterotopic	Surgical resection (fragment)	Not Specified	1	26696773
J000101173	NSG(NOD scid gamma)	NOD.Cg-Prkdcscid Il2rgtm1Wjl/SzJ	Right Flank	Heterotopic	Biopsy (type unspecified)	Not Specified	1	
TM01517	NSG(NOD scid gamma)	NOD.Cg-Prkdcscid Il2rgtm1Wjl/SzJ	Right Flank	Heterotopic	Surgical resection (fragment)	Not Specified	1	
TM00312	NSG(NOD scid gamma)	NOD.Cg-Prkdcscid Il2rgtm1Wjl/SzJ	Not Specified	Heterotopic	Surgical resection (fragment)	Not Specified	1	
TM00311	NSG(NOD scid gamma)	NOD.Cg-Prkdcscid Il2rgtm1Wjl/SzJ	Not Specified	Heterotopic	Surgical resection (fragment)	Not Specified	1	
J000118608	NSG(NOD scid gamma)	NOD.Cg-Prkdcscid Il2rgtm1Wjl/SzJ	Right Flank	Heterotopic	Biopsy (type unspecified)	Not Specified	1	
TM01404	NSG(NOD scid gamma)	NOD.Cg-Prkdcscid Il2rgtm1Wjl/SzJ	Not Specified	Heterotopic	Surgical resection (fragment)	Not Specified	1	
TM00314	NSG(NOD scid gamma)	NOD.Cg-Prkdcscid Il2rgtm1Wjl/SzJ	Not Specified	Heterotopic	Surgical resection (fragment)	Not Specified	1	
TM01400	NSG(NOD scid gamma)	NOD.Cg-Prkdcscid Il2rgtm1Wjl/SzJ	Right Flank	Heterotopic	Not Specified	Not Specified	1	
J000099207	NSG(NOD scid gamma)	NOD.Cg-Prkdcscid Il2rgtm1Wjl/SzJ	Right Flank	Heterotopic	Surgical resection (fragment)	Not Specified	1	
J000078984	NSG(NOD scid gamma)	NOD.Cg-Prkdcscid Il2rgtm1Wjl/SzJ	Right Flank	Heterotopic	Surgical resection (fragment)	Not Specified	1	
J000099327	NSG(NOD scid gamma)	NOD.Cg-Prkdcscid Il2rgtm1Wjl/SzJ	Right Flank	Heterotopic	Surgical resection (fragment)	Not Specified	1	
J000112064	NSG(NOD scid gamma)	NOD.Cg-Prkdcscid Il2rgtm1Wjl/SzJ	Right Flank	Heterotopic	Biopsy (type unspecified)	Not Specified	1	
J000096053	NSG(NOD scid gamma)	NOD.Cg-Prkdcscid Il2rgtm1Wjl/SzJ	Right Flank	Heterotopic	Surgical resection (fragment)	Not Specified	1	
TM01509	NSG(NOD scid gamma)	NOD.Cg-Prkdcscid Il2rgtm1Wjl/SzJ	Right Flank	Heterotopic	Not Specified	Not Specified	1	
J000103366	NSG(NOD scid gamma)	NOD.Cg-Prkdcscid Il2rgtm1Wjl/SzJ	Right Flank	Heterotopic	Surgical resection (fragment)	Not Specified	1	
J000108931	NSG(NOD scid gamma)	NOD.Cg-Prkdcscid Il2rgtm1Wjl/SzJ	Right Flank	Heterotopic	Surgical resection (fragment)	Not Specified	1	
TM01628	NSG(NOD scid gamma)	NOD.Cg-Prkdcscid Il2rgtm1Wjl/SzJ	Right Flank	Heterotopic	Surgical resection (fragment)	Not Specified	1	
TM01629	NSG(NOD scid gamma)	NOD.Cg-Prkdcscid Il2rgtm1Wjl/SzJ	Right Flank	Heterotopic	Biopsy (type unspecified)	Not Specified	1	
TM00784	NSG(NOD scid gamma)	NOD.Cg-Prkdcscid Il2rgtm1Wjl/SzJ	Not Specified	Heterotopic	Surgical resection (fragment)	Not Specified	1	
TM01634	NSG(NOD scid gamma)	NOD.Cg-Prkdcscid Il2rgtm1Wjl/SzJ	Right Flank	Heterotopic	Surgical resection (fragment)	Not Specified	1	
TM01513	NSG(NOD scid gamma)	NOD.Cg-Prkdcscid Il2rgtm1Wjl/SzJ	Right Flank	Heterotopic	Surgical resection (fragment)	Not Specified	1	
TM01510	NSG(NOD scid gamma)	NOD.Cg-Prkdcscid Il2rgtm1Wjl/SzJ	Right Flank	Heterotopic	Surgical resection (fragment)	Not Specified	1	
TM00302	NSG(NOD scid gamma)	NOD.Cg-Prkdcscid Il2rgtm1Wjl/SzJ	Not Specified	Heterotopic	Core needle biopsy	Not Specified	1	
TM01632	NSG(NOD scid gamma)	NOD.Cg-Prkdcscid Il2rgtm1Wjl/SzJ	Right Flank	Heterotopic	Surgical resection (fragment)	Not Specified	1	
J000092712	NSG(NOD scid gamma)	NOD.Cg-Prkdcscid Il2rgtm1Wjl/SzJ	Right Flank	Heterotopic	Surgical resection (fragment)	Not Specified	1	
TM00208	NSG(NOD scid gamma)	NOD.Cg-Prkdcscid Il2rgtm1Wjl/SzJ	Not Specified	Heterotopic	Surgical resection (fragment)	Not Specified	1	
TM00213	NSG(NOD scid gamma)	NOD.Cg-Prkdcscid Il2rgtm1Wjl/SzJ	Not Specified	Heterotopic	Surgical resection (fragment)	Not Specified	1	
TM00334	NSG(NOD scid gamma)	NOD.Cg-Prkdcscid Il2rgtm1Wjl/SzJ	Not Specified	Heterotopic	Core needle biopsy	Not Specified	1	
TM01303	NSG(NOD scid gamma)	NOD.Cg-Prkdcscid Il2rgtm1Wjl/SzJ	Not Specified	Heterotopic	Not Specified	Not Specified	1	
TM01545	NSG(NOD scid gamma)	NOD.Cg-Prkdcscid Il2rgtm1Wjl/SzJ	Right Flank	Heterotopic	Surgical resection (fragment)	Not Specified	1	
TM00212	NSG(NOD scid gamma)	NOD.Cg-Prkdcscid Il2rgtm1Wjl/SzJ	Not Specified	Heterotopic	Surgical resection (fragment)	Not Specified	1	
TM00332	NSG(NOD scid gamma)	NOD.Cg-Prkdcscid Il2rgtm1Wjl/SzJ	Not Specified	Heterotopic	Surgical resection (fragment)	Not Specified	1	
TM00694	NSG(NOD scid gamma)	NOD.Cg-Prkdcscid Il2rgtm1Wjl/SzJ	Not Specified	Heterotopic	Surgical resection (fragment)	Not Specified	1	
J000077636	NSG(NOD scid gamma)	NOD.Cg-Prkdcscid Il2rgtm1Wjl/SzJ	Right Flank	Heterotopic	Surgical resection (fragment)	Not Specified	1	
J000078604	NSG(NOD scid gamma)	NOD.Cg-Prkdcscid Il2rgtm1Wjl/SzJ	Right Flank	Heterotopic	Surgical resection (fragment)	Not Specified	1	
TM01427	NSG(NOD scid gamma)	NOD.Cg-Prkdcscid Il2rgtm1Wjl/SzJ	Not Specified	Heterotopic	Surgical resection (fragment)	Not Specified	1	
TM00214	NSG(NOD scid gamma)	NOD.Cg-Prkdcscid Il2rgtm1Wjl/SzJ	Not Specified	Heterotopic	Pleural effusion	Not Specified	1	
TM00335	NSG(NOD scid gamma)	NOD.Cg-Prkdcscid Il2rgtm1Wjl/SzJ	Not Specified	Heterotopic	Surgical resection (fragment)	Not Specified	1	
TM01302	NSG(NOD scid gamma)	NOD.Cg-Prkdcscid Il2rgtm1Wjl/SzJ	Not Specified	Heterotopic	Surgical resection (fragment)	Not Specified	1	
TM01423	NSG(NOD scid gamma)	NOD.Cg-Prkdcscid Il2rgtm1Wjl/SzJ	Not Specified	Heterotopic	Fine needle aspirate	Not Specified	1	
TM00330	NSG(NOD scid gamma)	NOD.Cg-Prkdcscid Il2rgtm1Wjl/SzJ	Not Specified	Heterotopic	Surgical resection (fragment)	Not Specified	1	
J000080739	NSG(NOD scid gamma)	NOD.Cg-Prkdcscid Il2rgtm1Wjl/SzJ	Right Flank	Heterotopic	Surgical resection (fragment)	Not Specified	1	
J000093933	NSG(NOD scid gamma)	NOD.Cg-Prkdcscid Il2rgtm1Wjl/SzJ	Right Flank	Heterotopic	Surgical resection (fragment)	Not Specified	1	
J000104314	NSG(NOD scid gamma)	NOD.Cg-Prkdcscid Il2rgtm1Wjl/SzJ	Right Flank	Heterotopic	Surgical resection (fragment)	Not Specified	1	
TM00317	NSG(NOD scid gamma)	NOD.Cg-Prkdcscid Il2rgtm1Wjl/SzJ	Not Specified	Heterotopic	Surgical resection (fragment)	Not Specified	1	
TM00206	NSG(NOD scid gamma)	NOD.Cg-Prkdcscid Il2rgtm1Wjl/SzJ	Not Specified	Heterotopic	Pleural effusion	Not Specified	1	
TM00327	NSG(NOD scid gamma)	NOD.Cg-Prkdcscid Il2rgtm1Wjl/SzJ	Not Specified	Heterotopic	Not Specified	Not Specified	1	
TM00204	NSG(NOD scid gamma)	NOD.Cg-Prkdcscid Il2rgtm1Wjl/SzJ	Not Specified	Heterotopic	Surgical resection (fragment)	Not Specified	1	
TM00203	NSG(NOD scid gamma)	NOD.Cg-Prkdcscid Il2rgtm1Wjl/SzJ	Not Specified	Heterotopic	Core needle biopsy	Not Specified	1	
TM00324	NSG(NOD scid gamma)	NOD.Cg-Prkdcscid Il2rgtm1Wjl/SzJ	Not Specified	Heterotopic	Fine needle aspirate	Not Specified	1	
TM01533	NSG(NOD scid gamma)	NOD.Cg-Prkdcscid Il2rgtm1Wjl/SzJ	Not Specified	Heterotopic	Surgical resection (fragment)	Not Specified	1	
J000115417	NSG(NOD scid gamma)	NOD.Cg-Prkdcscid Il2rgtm1Wjl/SzJ	Mammary Fat Pad	Heterotopic	Surgical resection (fragment)	Not Specified	1	29079660
J000099761	NSG(NOD scid gamma)	NOD.Cg-Prkdcscid Il2rgtm1Wjl/SzJ	Right Flank	Heterotopic	Surgical resection (fragment)	Not Specified	1	
J000115416	NSG(NOD scid gamma)	NOD.Cg-Prkdcscid Il2rgtm1Wjl/SzJ	Right Flank	Heterotopic	Surgical resection (fragment)	Not Specified	1	29079660
TM00877	NSG(NOD scid gamma)	NOD.Cg-Prkdcscid Il2rgtm1Wjl/SzJ	Right Flank	Heterotopic	Surgical resection (fragment)	Not Specified	1	
J000115419	NSG(NOD scid gamma)	NOD.Cg-Prkdcscid Il2rgtm1Wjl/SzJ	Right Flank	Heterotopic	Surgical resection (fragment)	Not Specified	1	
J000115418	NSG(NOD scid gamma)	NOD.Cg-Prkdcscid Il2rgtm1Wjl/SzJ	Right Flank	Heterotopic	Surgical resection (fragment)	Not Specified	1	
J000077451	NSG(NOD scid gamma)	NOD.Cg-Prkdcscid Il2rgtm1Wjl/SzJ	Right Flank	Heterotopic	Core needle biopsy	Not Specified	1	
J000111056	NSG(NOD scid gamma)	NOD.Cg-Prkdcscid Il2rgtm1Wjl/SzJ	Right Flank	Heterotopic	Surgical resection (fragment)	Not Specified	1	
J000111054	NSG(NOD scid gamma)	NOD.Cg-Prkdcscid Il2rgtm1Wjl/SzJ	Right Flank	Heterotopic	Surgical resection (fragment)	Not Specified	1	
TM00857	NSG(NOD scid gamma)	NOD.Cg-Prkdcscid Il2rgtm1Wjl/SzJ	Not Specified	Heterotopic	Surgical resection (fragment)	Not Specified	1	
TM00977	NSG(NOD scid gamma)	NOD.Cg-Prkdcscid Il2rgtm1Wjl/SzJ	Not Specified	Heterotopic	Surgical resection (fragment)	Not Specified	1	
TM00862	NSG(NOD scid gamma)	NOD.Cg-Prkdcscid Il2rgtm1Wjl/SzJ	Not Specified	Heterotopic	Not Specified	Not Specified	1	
TM00860	NSG(NOD scid gamma)	NOD.Cg-Prkdcscid Il2rgtm1Wjl/SzJ	Not Specified	Heterotopic	Surgical resection (fragment)	Not Specified	1	
TM00980	NSG(NOD scid gamma)	NOD.Cg-Prkdcscid Il2rgtm1Wjl/SzJ	Not Specified	Heterotopic	Not Specified	Not Specified	1	
J000115420	NSG(NOD scid gamma)	NOD.Cg-Prkdcscid Il2rgtm1Wjl/SzJ	Right Flank	Heterotopic	Surgical resection (fragment)	Not Specified	1	
J000095054	NSG(NOD scid gamma)	NOD.Cg-Prkdcscid Il2rgtm1Wjl/SzJ	Right Flank	Heterotopic	Surgical resection (fragment)	Not Specified	1	
J000102326	NSG(NOD scid gamma)	NOD.Cg-Prkdcscid Il2rgtm1Wjl/SzJ	Right Flank	Heterotopic	Surgical resection (fragment)	Not Specified	1	
TM01619	NSG(NOD scid gamma)	NOD.Cg-Prkdcscid Il2rgtm1Wjl/SzJ	Right Flank	Heterotopic	Surgical resection (fragment)	Not Specified	1	
TM00889	NSG(NOD scid gamma)	NOD.Cg-Prkdcscid Il2rgtm1Wjl/SzJ	Not Specified	Heterotopic	Not Specified	Not Specified	1	
J000102680	NSG(NOD scid gamma)	NOD.Cg-Prkdcscid Il2rgtm1Wjl/SzJ	Right Flank	Heterotopic	Biopsy (type unspecified)	Not Specified	1	
TM01617	NSG(NOD scid gamma)	NOD.Cg-Prkdcscid Il2rgtm1Wjl/SzJ	Right Flank	Heterotopic	Surgical resection (fragment)	Not Specified	1	
TM01618	NSG(NOD scid gamma)	NOD.Cg-Prkdcscid Il2rgtm1Wjl/SzJ	Right Flank	Heterotopic	Surgical resection (fragment)	Not Specified	1	
TM00896	NSG(NOD scid gamma)	NOD.Cg-Prkdcscid Il2rgtm1Wjl/SzJ	Right Flank	Heterotopic	Surgical resection (fragment)	Not Specified	1	
TM01500	NSG(NOD scid gamma)	NOD.Cg-Prkdcscid Il2rgtm1Wjl/SzJ	Right Flank	Heterotopic	Surgical resection (fragment)	Not Specified	1	
J000104518	NSG(NOD scid gamma)	NOD.Cg-Prkdcscid Il2rgtm1Wjl/SzJ	Right Flank	Heterotopic	Surgical resection (fragment)	Not Specified	1	
J000101006	NSG(NOD scid gamma)	NOD.Cg-Prkdcscid Il2rgtm1Wjl/SzJ	Right Flank	Heterotopic	Surgical resection (fragment)	Not Specified	1	
J000101005	NSG(NOD scid gamma)	NOD.Cg-Prkdcscid Il2rgtm1Wjl/SzJ	Right Flank	Heterotopic	Surgical resection (fragment)	Not Specified	1	
J000099318	NSG(NOD scid gamma)	NOD.Cg-Prkdcscid Il2rgtm1Wjl/SzJ	Right Flank	Heterotopic	Surgical resection (fragment)	Not Specified	1	
TM00999	NSG(NOD scid gamma)	NOD.Cg-Prkdcscid Il2rgtm1Wjl/SzJ	Not Specified	Heterotopic	Surgical resection (fragment)	Not Specified	1	
J000101121	NSG(NOD scid gamma)	NOD.Cg-Prkdcscid Il2rgtm1Wjl/SzJ	Right Flank	Heterotopic	Surgical resection (fragment)	Not Specified	1	
TM00884	NSG(NOD scid gamma)	NOD.Cg-Prkdcscid Il2rgtm1Wjl/SzJ	Not Specified	Heterotopic	Surgical resection (fragment)	Not Specified	1	
TM01611	NSG(NOD scid gamma)	NOD.Cg-Prkdcscid Il2rgtm1Wjl/SzJ	Right Flank	Heterotopic	Not Specified	Not Specified	1	
J000097253	NSG(NOD scid gamma)	NOD.Cg-Prkdcscid Il2rgtm1Wjl/SzJ	Right Flank	Heterotopic	Surgical resection (fragment)	Not Specified	1	
TM01612	NSG(NOD scid gamma)	NOD.Cg-Prkdcscid Il2rgtm1Wjl/SzJ	Right Flank	Heterotopic	Surgical resection (fragment)	Not Specified	1	32620791
TM00881	NSG(NOD scid gamma)	NOD.Cg-Prkdcscid Il2rgtm1Wjl/SzJ	Not Specified	Heterotopic	Not Specified	Not Specified	1	
TM00888	NSG(NOD scid gamma)	NOD.Cg-Prkdcscid Il2rgtm1Wjl/SzJ	Not Specified	Heterotopic	Surgical resection (fragment)	Not Specified	1	
TM00887	NSG(NOD scid gamma)	NOD.Cg-Prkdcscid Il2rgtm1Wjl/SzJ	Not Specified	Heterotopic	Surgical resection (fragment)	Not Specified	1	
J000103634	NSG(NOD scid gamma)	NOD.Cg-Prkdcscid Il2rgtm1Wjl/SzJ	Right Flank	Heterotopic	Surgical resection (fragment)	Not Specified	1	
J000105934	NSG(NOD scid gamma)	NOD.Cg-Prkdcscid Il2rgtm1Wjl/SzJ	Right Flank	Heterotopic	Core needle biopsy	Not Specified	1	
TM00945	NSG(NOD scid gamma)	NOD.Cg-Prkdcscid Il2rgtm1Wjl/SzJ	Not Specified	Heterotopic	Surgical resection (fragment)	Not Specified	1	
TM00702	NSG(NOD scid gamma)	NOD.Cg-Prkdcscid Il2rgtm1Wjl/SzJ	Not Specified	Heterotopic	Surgical resection (fragment)	Not Specified	1	32620791
J000104720	NSG(NOD scid gamma)	NOD.Cg-Prkdcscid Il2rgtm1Wjl/SzJ	Right Flank	Heterotopic	Surgical resection (fragment)	Not Specified	1	
J000100365	NSG(NOD scid gamma)	NOD.Cg-Prkdcscid Il2rgtm1Wjl/SzJ	Right Flank	Heterotopic	Surgical resection (fragment)	Not Specified	1	
TM00832	NSG(NOD scid gamma)	NOD.Cg-Prkdcscid Il2rgtm1Wjl/SzJ	Not Specified	Heterotopic	Surgical resection (fragment)	Not Specified	1	
TM00939	NSG(NOD scid gamma)	NOD.Cg-Prkdcscid Il2rgtm1Wjl/SzJ	Not Specified	Heterotopic	Surgical resection (fragment)	Not Specified	1	
J000096904	NSG(NOD scid gamma)	NOD.Cg-Prkdcscid Il2rgtm1Wjl/SzJ	Not Specified	Heterotopic	Peripheral blood	Not Specified	1	
J000101220	NSG(NOD scid gamma)	NOD.Cg-Prkdcscid Il2rgtm1Wjl/SzJ	Right Flank	Heterotopic	Surgical resection (fragment)	Not Specified	1	
J000112358	NSG(NOD scid gamma)	NOD.Cg-Prkdcscid Il2rgtm1Wjl/SzJ	Right Flank	Heterotopic	Surgical resection (fragment)	Not Specified	1	
J000109079	NSG(NOD scid gamma)	NOD.Cg-Prkdcscid Il2rgtm1Wjl/SzJ	Right Flank	Heterotopic	Surgical resection (fragment)	Not Specified	1	
TM00943	NSG(NOD scid gamma)	NOD.Cg-Prkdcscid Il2rgtm1Wjl/SzJ	Not Specified	Heterotopic	Not Specified	Not Specified	1	
J000078336	NSG(NOD scid gamma)	NOD.Cg-Prkdcscid Il2rgtm1Wjl/SzJ	Right Flank	Heterotopic	Surgical resection (fragment)	Not Specified	1	
TM00847	NSG(NOD scid gamma)	NOD.Cg-Prkdcscid Il2rgtm1Wjl/SzJ	Not Specified	Heterotopic	Fine needle aspirate	Not Specified	1	
J000096913	NSG(NOD scid gamma)	NOD.Cg-Prkdcscid Il2rgtm1Wjl/SzJ	Not Specified	Heterotopic	Peripheral blood	Not Specified	1	
TM00849	NSG(NOD scid gamma)	NOD.Cg-Prkdcscid Il2rgtm1Wjl/SzJ	Not Specified	Heterotopic	Surgical resection (fragment)	Not Specified	1	
J000077591	NSG(NOD scid gamma)	NOD.Cg-Prkdcscid Il2rgtm1Wjl/SzJ	Right Flank	Heterotopic	Surgical resection (fragment)	Not Specified	1	
J000101329	NSG(NOD scid gamma)	NOD.Cg-Prkdcscid Il2rgtm1Wjl/SzJ	Right Flank	Heterotopic	Core needle biopsy	Not Specified	1	
J000101328	NSG(NOD scid gamma)	NOD.Cg-Prkdcscid Il2rgtm1Wjl/SzJ	Right Flank	Heterotopic	Core needle biopsy	Not Specified	1	
TM00958	NSG(NOD scid gamma)	NOD.Cg-Prkdcscid Il2rgtm1Wjl/SzJ	Not Specified	Heterotopic	Biopsy (type unspecified)	Not Specified	1	
J000096922	NSG(NOD scid gamma)	NOD.Cg-Prkdcscid Il2rgtm1Wjl/SzJ	Not Specified	Heterotopic	Peripheral blood	Not Specified	1	
TM00964	NSG(NOD scid gamma)	NOD.Cg-Prkdcscid Il2rgtm1Wjl/SzJ	Not Specified	Heterotopic	Not Specified	Not Specified	1	
J000078673	NSG(NOD scid gamma)	NOD.Cg-Prkdcscid Il2rgtm1Wjl/SzJ	Right Flank	Heterotopic	Core needle biopsy	Not Specified	1	
J000101892	NSG(NOD scid gamma)	NOD.Cg-Prkdcscid Il2rgtm1Wjl/SzJ	Right Flank	Heterotopic	Surgical resection (fragment)	Not Specified	1	
J000094918	NSG(NOD scid gamma)	NOD.Cg-Prkdcscid Il2rgtm1Wjl/SzJ	Right Flank	Heterotopic	Biopsy (type unspecified)	Not Specified	1	
J000114963	NSG(NOD scid gamma)	NOD.Cg-Prkdcscid Il2rgtm1Wjl/SzJ	Right Flank	Heterotopic	Surgical resection (fragment)	Not Specified	1	
TM00910	NSG(NOD scid gamma)	NOD.Cg-Prkdcscid Il2rgtm1Wjl/SzJ	Not Specified	Heterotopic	Surgical resection (fragment)	Not Specified	1	
J000102630	NSG(NOD scid gamma)	NOD.Cg-Prkdcscid Il2rgtm1Wjl/SzJ	Right Flank	Heterotopic	Core needle biopsy	Not Specified	1	
J000098169	NSG(NOD scid gamma)	NOD.Cg-Prkdcscid Il2rgtm1Wjl/SzJ	Right Flank	Heterotopic	Surgical resection (fragment)	Not Specified	1	
J000099257	NSG(NOD scid gamma)	NOD.Cg-Prkdcscid Il2rgtm1Wjl/SzJ	Right Flank	Heterotopic	Surgical resection (fragment)	Not Specified	1	
J000119280	NSG(NOD scid gamma)	NOD.Cg-Prkdcscid Il2rgtm1Wjl/SzJ	Right Flank	Heterotopic	Surgical resection (fragment)	Not Specified	1	
TM00922	NSG(NOD scid gamma)	NOD.Cg-Prkdcscid Il2rgtm1Wjl/SzJ	Not Specified	Heterotopic	Surgical resection (fragment)	Not Specified	1	
TM00929	NSG(NOD scid gamma)	NOD.Cg-Prkdcscid Il2rgtm1Wjl/SzJ	Not Specified	Heterotopic	Surgical resection (fragment)	Not Specified	1	
TM00928	NSG(NOD scid gamma)	NOD.Cg-Prkdcscid Il2rgtm1Wjl/SzJ	Not Specified	Heterotopic	Surgical resection (fragment)	Not Specified	1	
TM00927	NSG(NOD scid gamma)	NOD.Cg-Prkdcscid Il2rgtm1Wjl/SzJ	Not Specified	Heterotopic	Surgical resection (fragment)	Not Specified	1	
TM00926	NSG(NOD scid gamma)	NOD.Cg-Prkdcscid Il2rgtm1Wjl/SzJ	Not Specified	Heterotopic	Surgical resection (fragment)	Not Specified	1	
J000078366	NSG(NOD scid gamma)	NOD.Cg-Prkdcscid Il2rgtm1Wjl/SzJ	Right Flank	Heterotopic	Core needle biopsy	Not Specified	1	
TM00931	NSG(NOD scid gamma)	NOD.Cg-Prkdcscid Il2rgtm1Wjl/SzJ	Not Specified	Heterotopic	Core needle biopsy	Not Specified	1	
TM00930	NSG(NOD scid gamma)	NOD.Cg-Prkdcscid Il2rgtm1Wjl/SzJ	Not Specified	Heterotopic	Surgical resection (fragment)	Not Specified	1	
J000112882	NSG(NOD scid gamma)	NOD.Cg-Prkdcscid Il2rgtm1Wjl/SzJ	Right Flank	Heterotopic	Biopsy (type unspecified)	Not Specified	1	
J000100556	NSG(NOD scid gamma)	NOD.Cg-Prkdcscid Il2rgtm1Wjl/SzJ	Right Flank	Heterotopic	Surgical resection (fragment)	Not Specified	1	
J000100675	NSG(NOD scid gamma)	NOD.Cg-Prkdcscid Il2rgtm1Wjl/SzJ	Right Flank	Heterotopic	Surgical resection (fragment)	Not Specified	1	
J000100674	NSG(NOD scid gamma)	NOD.Cg-Prkdcscid Il2rgtm1Wjl/SzJ	Right Flank	Heterotopic	Surgical resection (fragment)	Not Specified	1	
TM00914	NSG(NOD scid gamma)	NOD.Cg-Prkdcscid Il2rgtm1Wjl/SzJ	Not Specified	Heterotopic	Surgical resection (fragment)	Not Specified	1	
TM00913	NSG(NOD scid gamma)	NOD.Cg-Prkdcscid Il2rgtm1Wjl/SzJ	Not Specified	Heterotopic	Surgical resection (fragment)	Not Specified	1	
J000100672	NSG(NOD scid gamma)	NOD.Cg-Prkdcscid Il2rgtm1Wjl/SzJ	Right Flank	Heterotopic	Pleural effusion	Not Specified	1	
TM00916	NSG(NOD scid gamma)	NOD.Cg-Prkdcscid Il2rgtm1Wjl/SzJ	Not Specified	Heterotopic	Surgical resection (fragment)	Not Specified	1	
J000094707	NSG(NOD scid gamma)	NOD.Cg-Prkdcscid Il2rgtm1Wjl/SzJ	Right Flank	Heterotopic	Surgical resection (fragment)	Not Specified	1	
J000108157	NSG(NOD scid gamma)	NOD.Cg-Prkdcscid Il2rgtm1Wjl/SzJ	Right Flank	Heterotopic	Surgical resection (fragment)	Not Specified	1	
J000112414	NSG(NOD scid gamma)	NOD.Cg-Prkdcscid Il2rgtm1Wjl/SzJ	Right Flank	Heterotopic	Surgical resection (fragment)	Not Specified	1	
TM00921	NSG(NOD scid gamma)	NOD.Cg-Prkdcscid Il2rgtm1Wjl/SzJ	Not Specified	Heterotopic	Surgical resection (fragment)	Not Specified	1	
TM00920	NSG(NOD scid gamma)	NOD.Cg-Prkdcscid Il2rgtm1Wjl/SzJ	Not Specified	Heterotopic	Surgical resection (fragment)	Not Specified	1	
J000079689	NSG(NOD scid gamma)	NOD.Cg-Prkdcscid Il2rgtm1Wjl/SzJ	Right Flank	Heterotopic	Surgical resection (fragment)	Not Specified	1	
J000100646	NSG(NOD scid gamma)	NOD.Cg-Prkdcscid Il2rgtm1Wjl/SzJ	Right Flank	Heterotopic	Surgical resection (fragment)	Not Specified	1	
J000096854	NSG(NOD scid gamma)	NOD.Cg-Prkdcscid Il2rgtm1Wjl/SzJ	Not Specified	Heterotopic	Leukapheresis	Not Specified	1	
J000096976	NSG(NOD scid gamma)	NOD.Cg-Prkdcscid Il2rgtm1Wjl/SzJ	Not Specified	Heterotopic	Peripheral blood	Not Specified	1	
TM01086	NSG(NOD scid gamma)	NOD.Cg-Prkdcscid Il2rgtm1Wjl/SzJ	Not Specified	Heterotopic	Surgical resection (fragment)	Not Specified	1	
TM01087	NSG(NOD scid gamma)	NOD.Cg-Prkdcscid Il2rgtm1Wjl/SzJ	Not Specified	Heterotopic	Surgical resection (fragment)	Not Specified	1	
J000103917	NSG(NOD scid gamma)	NOD.Cg-Prkdcscid Il2rgtm1Wjl/SzJ	Right Flank	Heterotopic	Surgical resection (fragment)	Not Specified	1	
TM01085	NSG(NOD scid gamma)	NOD.Cg-Prkdcscid Il2rgtm1Wjl/SzJ	Not Specified	Heterotopic	Surgical resection (fragment)	Not Specified	1	
J000101866	NSG(NOD scid gamma)	NOD.Cg-Prkdcscid Il2rgtm1Wjl/SzJ	Right Flank	Heterotopic	Surgical resection (fragment)	Not Specified	1	
J000096869	NSG(NOD scid gamma)	NOD.Cg-Prkdcscid Il2rgtm1Wjl/SzJ	Not Specified	Heterotopic	Peripheral blood	Not Specified	1	
J000111787	NSG(NOD scid gamma)	NOD.Cg-Prkdcscid Il2rgtm1Wjl/SzJ	Right Flank	Heterotopic	Surgical resection (fragment)	Not Specified	1	
TM01079	NSG(NOD scid gamma)	NOD.Cg-Prkdcscid Il2rgtm1Wjl/SzJ	Not Specified	Heterotopic	Surgical resection (fragment)	Not Specified	1	
J000111428	NSG(NOD scid gamma)	NOD.Cg-Prkdcscid Il2rgtm1Wjl/SzJ	Right Flank	Heterotopic	Surgical resection (fragment)	Not Specified	1	
J000096985	NSG(NOD scid gamma)	NOD.Cg-Prkdcscid Il2rgtm1Wjl/SzJ	Not Specified	Heterotopic	Peripheral blood	Not Specified	1	
TM01075	NSG(NOD scid gamma)	NOD.Cg-Prkdcscid Il2rgtm1Wjl/SzJ	Not Specified	Heterotopic	Surgical resection (fragment)	Not Specified	1	
TM01076	NSG(NOD scid gamma)	NOD.Cg-Prkdcscid Il2rgtm1Wjl/SzJ	Not Specified	Heterotopic	Surgical resection (fragment)	Not Specified	1	
J000096878	NSG(NOD scid gamma)	NOD.Cg-Prkdcscid Il2rgtm1Wjl/SzJ	Not Specified	Heterotopic	Peripheral blood	Not Specified	1	
J000109799	NSG(NOD scid gamma)	NOD.Cg-Prkdcscid Il2rgtm1Wjl/SzJ	Right Flank	Heterotopic	Surgical resection (fragment)	Not Specified	1	
J000108112	NSG(NOD scid gamma)	NOD.Cg-Prkdcscid Il2rgtm1Wjl/SzJ	Right Flank	Heterotopic	Surgical resection (fragment)	Not Specified	1	
J000079378	NSG(NOD scid gamma)	NOD.Cg-Prkdcscid Il2rgtm1Wjl/SzJ	Right Flank	Heterotopic	Surgical resection (fragment)	Not Specified	1	
J000096994	NSG(NOD scid gamma)	NOD.Cg-Prkdcscid Il2rgtm1Wjl/SzJ	Not Specified	Heterotopic	Leukapheresis	Not Specified	1	
J000106172	NSG(NOD scid gamma)	NOD.Cg-Prkdcscid Il2rgtm1Wjl/SzJ	Right Flank	Heterotopic	Surgical resection (fragment)	Not Specified	1	
TM01092	NSG(NOD scid gamma)	NOD.Cg-Prkdcscid Il2rgtm1Wjl/SzJ	Not Specified	Heterotopic	Surgical resection (fragment)	Not Specified	1	
J000093018	NSG(NOD scid gamma)	NOD.Cg-Prkdcscid Il2rgtm1Wjl/SzJ	Right Flank	Heterotopic	Surgical resection (fragment)	Not Specified	1	
J000111644	NSG(NOD scid gamma)	NOD.Cg-Prkdcscid Il2rgtm1Wjl/SzJ	Right Flank	Heterotopic	Surgical resection (fragment)	Not Specified	1	
J000119129	NSG(NOD scid gamma)	NOD.Cg-Prkdcscid Il2rgtm1Wjl/SzJ	Right Flank	Heterotopic	Surgical resection (fragment)	Not Specified	1	
TM01098	NSG(NOD scid gamma)	NOD.Cg-Prkdcscid Il2rgtm1Wjl/SzJ	Not Specified	Heterotopic	Surgical resection (fragment)	Not Specified	1	
J000094100	NSG(NOD scid gamma)	NOD.Cg-Prkdcscid Il2rgtm1Wjl/SzJ	Right Flank	Heterotopic	Core needle biopsy	Not Specified	1	
TM01096	NSG(NOD scid gamma)	NOD.Cg-Prkdcscid Il2rgtm1Wjl/SzJ	Not Specified	Heterotopic	Surgical resection (fragment)	Not Specified	1	
TM00190	NSG(NOD scid gamma)	NOD.Cg-Prkdcscid Il2rgtm1Wjl/SzJ	Not Specified	Heterotopic	Surgical resection (fragment)	Not Specified	1	
J000096931	NSG(NOD scid gamma)	NOD.Cg-Prkdcscid Il2rgtm1Wjl/SzJ	Not Specified	Heterotopic	Peripheral blood	Not Specified	1	
J000080230	NSG(NOD scid gamma)	NOD.Cg-Prkdcscid Il2rgtm1Wjl/SzJ	Right Flank	Heterotopic	Surgical resection (fragment)	Not Specified	1	
J000106146	NSG(NOD scid gamma)	NOD.Cg-Prkdcscid Il2rgtm1Wjl/SzJ	Not Specified	Heterotopic	Bone marrow aspirate	Not Specified	1	
J000106144	NSG(NOD scid gamma)	NOD.Cg-Prkdcscid Il2rgtm1Wjl/SzJ	Not Specified	Heterotopic	Bone marrow aspirate	Not Specified	1	
J000106145	NSG(NOD scid gamma)	NOD.Cg-Prkdcscid Il2rgtm1Wjl/SzJ	Not Specified	Heterotopic	Peripheral blood	Not Specified	1	
TM00078	NSG(NOD scid gamma)	NOD.Cg-Prkdcscid Il2rgtm1Wjl/SzJ	Not Specified	Heterotopic	Surgical resection (fragment)	Not Specified	1	
TM00199	NSG(NOD scid gamma)	NOD.Cg-Prkdcscid Il2rgtm1Wjl/SzJ	Not Specified	Heterotopic	Core needle biopsy	Not Specified	1	
J000104096	NSG(NOD scid gamma)	NOD.Cg-Prkdcscid Il2rgtm1Wjl/SzJ	Right Flank	Heterotopic	Surgical resection (fragment)	Not Specified	1	
TM01168	NSG(NOD scid gamma)	NOD.Cg-Prkdcscid Il2rgtm1Wjl/SzJ	Not Specified	Heterotopic	Surgical resection (fragment)	Not Specified	1	
J000111615	NSG(NOD scid gamma)	NOD.Cg-Prkdcscid Il2rgtm1Wjl/SzJ	Right Flank	Heterotopic	Surgical resection (fragment)	Not Specified	1	
TM01048	NSG(NOD scid gamma)	NOD.Cg-Prkdcscid Il2rgtm1Wjl/SzJ	Not Specified	Heterotopic	Surgical resection (fragment)	Not Specified	1	
TM00073	NSG(NOD scid gamma)	NOD.Cg-Prkdcscid Il2rgtm1Wjl/SzJ	Not Specified	Heterotopic	Surgical resection (fragment)	Not Specified	1	
TM00194	NSG(NOD scid gamma)	NOD.Cg-Prkdcscid Il2rgtm1Wjl/SzJ	Not Specified	Heterotopic	Pleural effusion	Not Specified	1	
TM01284	NSG(NOD scid gamma)	NOD.Cg-Prkdcscid Il2rgtm1Wjl/SzJ	Not Specified	Heterotopic	Surgical resection (fragment)	Not Specified	1	
TM00072	NSG(NOD scid gamma)	NOD.Cg-Prkdcscid Il2rgtm1Wjl/SzJ	Not Specified	Heterotopic	Surgical resection (fragment)	Not Specified	1	
TM00193	NSG(NOD scid gamma)	NOD.Cg-Prkdcscid Il2rgtm1Wjl/SzJ	Not Specified	Heterotopic	Surgical resection (fragment)	Not Specified	1	
TM00192	NSG(NOD scid gamma)	NOD.Cg-Prkdcscid Il2rgtm1Wjl/SzJ	Not Specified	Heterotopic	Surgical resection (fragment)	Not Specified	1	
TM01044	NSG(NOD scid gamma)	NOD.Cg-Prkdcscid Il2rgtm1Wjl/SzJ	Not Specified	Heterotopic	Surgical resection (fragment)	Not Specified	1	
TM01165	NSG(NOD scid gamma)	NOD.Cg-Prkdcscid Il2rgtm1Wjl/SzJ	Not Specified	Heterotopic	Surgical resection (fragment)	Not Specified	1	
TM00070	NSG(NOD scid gamma)	NOD.Cg-Prkdcscid Il2rgtm1Wjl/SzJ	Not Specified	Heterotopic	Surgical resection (fragment)	Not Specified	1	
TM01045	NSG(NOD scid gamma)	NOD.Cg-Prkdcscid Il2rgtm1Wjl/SzJ	Not Specified	Heterotopic	Surgical resection (fragment)	Not Specified	1	
TM00077	NSG(NOD scid gamma)	NOD.Cg-Prkdcscid Il2rgtm1Wjl/SzJ	Not Specified	Heterotopic	Surgical resection (fragment)	Not Specified	1	
TM00198	NSG(NOD scid gamma)	NOD.Cg-Prkdcscid Il2rgtm1Wjl/SzJ	Not Specified	Heterotopic	Surgical resection (fragment)	Not Specified	1	
TM00076	NSG(NOD scid gamma)	NOD.Cg-Prkdcscid Il2rgtm1Wjl/SzJ	Not Specified	Heterotopic	Surgical resection (fragment)	Not Specified	1	
TM01160	NSG(NOD scid gamma)	NOD.Cg-Prkdcscid Il2rgtm1Wjl/SzJ	Not Specified	Heterotopic	Surgical resection (fragment)	Not Specified	1	
TM00075	NSG(NOD scid gamma)	NOD.Cg-Prkdcscid Il2rgtm1Wjl/SzJ	Not Specified	Heterotopic	Surgical resection (fragment)	Not Specified	1	
TM00196	NSG(NOD scid gamma)	NOD.Cg-Prkdcscid Il2rgtm1Wjl/SzJ	Not Specified	Heterotopic	Surgical resection (fragment)	Not Specified	1	
J000093555	NSG(NOD scid gamma)	NOD.Cg-Prkdcscid Il2rgtm1Wjl/SzJ	Right Flank	Heterotopic	Surgical resection (fragment)	Not Specified	1	
J000096828	NSG(NOD scid gamma)	NOD.Cg-Prkdcscid Il2rgtm1Wjl/SzJ	Not Specified	Heterotopic	Peripheral blood	Not Specified	1	
J000096949	NSG(NOD scid gamma)	NOD.Cg-Prkdcscid Il2rgtm1Wjl/SzJ	Not Specified	Heterotopic	Peripheral blood	Not Specified	1	
TM01039	NSG(NOD scid gamma)	NOD.Cg-Prkdcscid Il2rgtm1Wjl/SzJ	Not Specified	Heterotopic	Surgical resection (fragment)	Not Specified	1	
TM00067	NSG(NOD scid gamma)	NOD.Cg-Prkdcscid Il2rgtm1Wjl/SzJ	Not Specified	Heterotopic	Not Specified	Not Specified	1	
TM00188	NSG(NOD scid gamma)	NOD.Cg-Prkdcscid Il2rgtm1Wjl/SzJ	Not Specified	Heterotopic	Surgical resection (fragment)	Not Specified	1	
TM01278	NSG(NOD scid gamma)	NOD.Cg-Prkdcscid Il2rgtm1Wjl/SzJ	Right Flank	Heterotopic	Surgical resection (fragment)	Not Specified	1	
J000096940	NSG(NOD scid gamma)	NOD.Cg-Prkdcscid Il2rgtm1Wjl/SzJ	Not Specified	Heterotopic	Peripheral blood	Not Specified	1	
TM00062	NSG(NOD scid gamma)	NOD.Cg-Prkdcscid Il2rgtm1Wjl/SzJ	Not Specified	Heterotopic	Not Specified	Not Specified	1	
TM00183	NSG(NOD scid gamma)	NOD.Cg-Prkdcscid Il2rgtm1Wjl/SzJ	Not Specified	Heterotopic	Surgical resection (fragment)	Not Specified	1	
TM01031	NSG(NOD scid gamma)	NOD.Cg-Prkdcscid Il2rgtm1Wjl/SzJ	Not Specified	Heterotopic	Surgical resection (fragment)	Not Specified	1	
TM01273	NSG(NOD scid gamma)	NOD.Cg-Prkdcscid Il2rgtm1Wjl/SzJ	Not Specified	Heterotopic	Surgical resection (fragment)	Not Specified	1	
TM00061	NSG(NOD scid gamma)	NOD.Cg-Prkdcscid Il2rgtm1Wjl/SzJ	Not Specified	Heterotopic	Not Specified	Not Specified	1	
TM00060	NSG(NOD scid gamma)	NOD.Cg-Prkdcscid Il2rgtm1Wjl/SzJ	Not Specified	Heterotopic	Not Specified	Not Specified	1	
TM01155	NSG(NOD scid gamma)	NOD.Cg-Prkdcscid Il2rgtm1Wjl/SzJ	Right Flank	Heterotopic	Biopsy (type unspecified)	Not Specified	1	
TM00187	NSG(NOD scid gamma)	NOD.Cg-Prkdcscid Il2rgtm1Wjl/SzJ	Not Specified	Heterotopic	Surgical resection (fragment)	Not Specified	1	
TM00065	NSG(NOD scid gamma)	NOD.Cg-Prkdcscid Il2rgtm1Wjl/SzJ	Not Specified	Heterotopic	Not Specified	Not Specified	1	
TM00186	NSG(NOD scid gamma)	NOD.Cg-Prkdcscid Il2rgtm1Wjl/SzJ	Not Specified	Heterotopic	Surgical resection (fragment)	Not Specified	1	
TM00064	NSG(NOD scid gamma)	NOD.Cg-Prkdcscid Il2rgtm1Wjl/SzJ	Not Specified	Heterotopic	Surgical resection (fragment)	Not Specified	1	
TM00185	NSG(NOD scid gamma)	NOD.Cg-Prkdcscid Il2rgtm1Wjl/SzJ	Not Specified	Heterotopic	Surgical resection (fragment)	Not Specified	1	
TM00063	NSG(NOD scid gamma)	NOD.Cg-Prkdcscid Il2rgtm1Wjl/SzJ	Not Specified	Heterotopic	Surgical resection (fragment)	Not Specified	1	
TM00184	NSG(NOD scid gamma)	NOD.Cg-Prkdcscid Il2rgtm1Wjl/SzJ	Not Specified	Heterotopic	Surgical resection (fragment)	Not Specified	1	
TM01030	NSG(NOD scid gamma)	NOD.Cg-Prkdcscid Il2rgtm1Wjl/SzJ	Not Specified	Heterotopic	Surgical resection (fragment)	Not Specified	1	
TM00091	NSG(NOD scid gamma)	NOD.Cg-Prkdcscid Il2rgtm1Wjl/SzJ	Not Specified	Heterotopic	Surgical resection (fragment)	Not Specified	1	
TM00090	NSG(NOD scid gamma)	NOD.Cg-Prkdcscid Il2rgtm1Wjl/SzJ	Not Specified	Heterotopic	Surgical resection (fragment)	Not Specified	1	
J000106124	NSG(NOD scid gamma)	NOD.Cg-Prkdcscid Il2rgtm1Wjl/SzJ	Not Specified	Heterotopic	Bone marrow aspirate	Not Specified	1	30146162
J000096837	NSG(NOD scid gamma)	NOD.Cg-Prkdcscid Il2rgtm1Wjl/SzJ	Not Specified	Heterotopic	Peripheral blood	Not Specified	1	
J000096958	NSG(NOD scid gamma)	NOD.Cg-Prkdcscid Il2rgtm1Wjl/SzJ	Not Specified	Heterotopic	Peripheral blood	Not Specified	1	
J000106125	NSG(NOD scid gamma)	NOD.Cg-Prkdcscid Il2rgtm1Wjl/SzJ	Not Specified	Heterotopic	Bone marrow aspirate	Not Specified	1	
J000107333	NSG(NOD scid gamma)	NOD.Cg-Prkdcscid Il2rgtm1Wjl/SzJ	Right Flank	Heterotopic	Surgical resection (fragment)	Not Specified	1	
J000106132	NSG(NOD scid gamma)	NOD.Cg-Prkdcscid Il2rgtm1Wjl/SzJ	Not Specified	Heterotopic	Bone marrow aspirate	Not Specified	1	
TM00099	NSG(NOD scid gamma)	NOD.Cg-Prkdcscid Il2rgtm1Wjl/SzJ	Not Specified	Heterotopic	Surgical resection (fragment)	Not Specified	1	
TM00098	NSG(NOD scid gamma)	NOD.Cg-Prkdcscid Il2rgtm1Wjl/SzJ	Not Specified	Heterotopic	Surgical resection (fragment)	Not Specified	1	
TM00097	NSG(NOD scid gamma)	NOD.Cg-Prkdcscid Il2rgtm1Wjl/SzJ	Not Specified	Heterotopic	Surgical resection (fragment)	Not Specified	1	
TM00096	NSG(NOD scid gamma)	NOD.Cg-Prkdcscid Il2rgtm1Wjl/SzJ	Not Specified	Heterotopic	Surgical resection (fragment)	Not Specified	1	
TM01063	NSG(NOD scid gamma)	NOD.Cg-Prkdcscid Il2rgtm1Wjl/SzJ	Not Specified	Heterotopic	Not Specified	Not Specified	1	
TM00080	NSG(NOD scid gamma)	NOD.Cg-Prkdcscid Il2rgtm1Wjl/SzJ	Not Specified	Heterotopic	Surgical resection (fragment)	Not Specified	1	
J000095635	NSG(NOD scid gamma)	NOD.Cg-Prkdcscid Il2rgtm1Wjl/SzJ	Right Flank	Heterotopic	Core needle biopsy	Not Specified	1	
J000095633	NSG(NOD scid gamma)	NOD.Cg-Prkdcscid Il2rgtm1Wjl/SzJ	Right Flank	Heterotopic	Surgical resection (fragment)	Not Specified	1	
J000096845	NSG(NOD scid gamma)	NOD.Cg-Prkdcscid Il2rgtm1Wjl/SzJ	Not Specified	Heterotopic	Peripheral blood	Not Specified	1	
J000096967	NSG(NOD scid gamma)	NOD.Cg-Prkdcscid Il2rgtm1Wjl/SzJ	Not Specified	Heterotopic	Peripheral blood	Not Specified	1	
J000106133	NSG(NOD scid gamma)	NOD.Cg-Prkdcscid Il2rgtm1Wjl/SzJ	Not Specified	Heterotopic	Bone marrow aspirate	Not Specified	1	
J000106134	NSG(NOD scid gamma)	NOD.Cg-Prkdcscid Il2rgtm1Wjl/SzJ	Not Specified	Heterotopic	Bone marrow aspirate	Not Specified	1	30015632
J000108200	NSG(NOD scid gamma)	NOD.Cg-Prkdcscid Il2rgtm1Wjl/SzJ	Right Flank	Heterotopic	Core needle biopsy	Not Specified	1	
J000106142	NSG(NOD scid gamma)	NOD.Cg-Prkdcscid Il2rgtm1Wjl/SzJ	Not Specified	Heterotopic	Fine needle aspirate	Not Specified	1	
J000106143	NSG(NOD scid gamma)	NOD.Cg-Prkdcscid Il2rgtm1Wjl/SzJ	Not Specified	Heterotopic	Peripheral blood	Not Specified	1	
TM00089	NSG(NOD scid gamma)	NOD.Cg-Prkdcscid Il2rgtm1Wjl/SzJ	Not Specified	Heterotopic	Surgical resection (fragment)	Not Specified	1	28203638
J000106141	NSG(NOD scid gamma)	NOD.Cg-Prkdcscid Il2rgtm1Wjl/SzJ	Not Specified	Heterotopic	Bone marrow aspirate	Not Specified	1	
TM00084	NSG(NOD scid gamma)	NOD.Cg-Prkdcscid Il2rgtm1Wjl/SzJ	Not Specified	Heterotopic	Surgical resection (fragment)	Not Specified	1	
TM01053	NSG(NOD scid gamma)	NOD.Cg-Prkdcscid Il2rgtm1Wjl/SzJ	Not Specified	Heterotopic	Surgical resection (fragment)	Not Specified	1	
J000093572	NSG(NOD scid gamma)	NOD.Cg-Prkdcscid Il2rgtm1Wjl/SzJ	Right Flank	Heterotopic	Surgical resection (fragment)	Not Specified	1	
TM01171	NSG(NOD scid gamma)	NOD.Cg-Prkdcscid Il2rgtm1Wjl/SzJ	Not Specified	Heterotopic	Surgical resection (fragment)	Not Specified	1	
TM01173	NSG(NOD scid gamma)	NOD.Cg-Prkdcscid Il2rgtm1Wjl/SzJ	Not Specified	Heterotopic	Not Specified	Not Specified	1	